,match_id,datetime_x,team1_x,team2_x,win,ts_win_prob,prob_1,prob_0,t1_odds,t2_odds,t1_prob,t2_prob,t1_n_prob,t2_n_prob,event_id,event_name
0,2363737,2023/05/08 11:45,monte,faze,0,0.467449894,0.509090909090909,0.4909090909090909,2.68,1.44,0.373134328,0.694444444,0.349515,0.650485,6794,blasttv-paris-major-2023-challengers-stage
1,2363738,2023/05/08 11:45,pain,fluxo,0,0.57935444,0.5545454545454546,0.44545454545454544,1.43,2.8,0.699300699,0.357142857,0.661939,0.338061,6794,blasttv-paris-major-2023-challengers-stage
2,2363739,2023/05/08 13:10,g2,themongolz,1,0.615971596,0.6545454545454545,0.34545454545454546,1.1,6.44,0.909090909,0.155279503,0.854111,0.145889,6794,blasttv-paris-major-2023-challengers-stage
3,2363740,2023/05/08 13:25,gamerlegion,complexity,0,0.66753569,0.7,0.3,1.75,2.06,0.571428571,0.485436893,0.540682,0.459318,6794,blasttv-paris-major-2023-challengers-stage
4,2363741,2023/05/08 14:25,forze,grayhound,0,0.589985728,0.7090909090909091,0.2909090909090909,1.35,3.07,0.740740741,0.325732899,0.69457,0.30543,6794,blasttv-paris-major-2023-challengers-stage
5,2363742,2023/05/08 14:40,apeks,liquid,1,0.493016901,0.4636363636363636,0.5363636363636364,2.27,1.6,0.440528634,0.625,0.413437,0.586563,6794,blasttv-paris-major-2023-challengers-stage
6,2363743,2023/05/08 16:00,ninjas-in-pyjamas,mouz,0,0.304621301,0.4636363636363636,0.5363636363636364,1.9,1.85,0.526315789,0.540540541,0.493333,0.506667,6794,blasttv-paris-major-2023-challengers-stage
7,2363744,2023/05/08 16:00,og,ence,1,0.555255664,0.5181818181818182,0.4818181818181818,1.93,1.82,0.518134715,0.549450549,0.485333,0.514667,6794,blasttv-paris-major-2023-challengers-stage
8,2363835,2023/05/08 17:55,faze,pain,1,0.858788225,0.6454545454545455,0.35454545454545455,1.34,3.16,0.746268657,0.316455696,0.702222,0.297778,6794,blasttv-paris-major-2023-challengers-stage
9,2363836,2023/05/08 17:55,complexity,g2,1,0.217587128,0.36363636363636365,0.6363636363636364,4.03,1.22,0.248138958,0.819672131,0.232381,0.767619,6794,blasttv-paris-major-2023-challengers-stage
10,2363837,2023/05/08 19:15,apeks,grayhound,1,0.610118701,0.6818181818181818,0.3181818181818182,1.38,2.94,0.724637681,0.340136054,0.680556,0.319444,6794,blasttv-paris-major-2023-challengers-stage
11,2363838,2023/05/08 19:10,ence,ninjas-in-pyjamas,0,0.621667077,0.4909090909090909,0.509090909090909,1.75,2.07,0.571428571,0.483091787,0.541885,0.458115,6794,blasttv-paris-major-2023-challengers-stage
12,2363839,2023/05/08 20:00,fluxo,monte,1,0.131158782,0.33636363636363636,0.6636363636363637,4.97,1.17,0.201207243,0.854700855,0.190554,0.809446,6794,blasttv-paris-major-2023-challengers-stage
13,2363840,2023/05/08 20:20,gamerlegion,themongolz,0,0.503693867,0.6090909090909091,0.39090909090909093,1.42,2.75,0.704225352,0.363636364,0.659472,0.340528,6794,blasttv-paris-major-2023-challengers-stage
14,2363841,2023/05/08 21:20,forze,liquid,1,0.471491675,0.43636363636363634,0.5636363636363636,2.27,1.59,0.440528634,0.628930818,0.411917,0.588083,6794,blasttv-paris-major-2023-challengers-stage
15,2363842,2023/05/08 21:40,mouz,og,0,0.527315658,0.5636363636363636,0.43636363636363634,1.73,2.05,0.578034682,0.487804878,0.542328,0.457672,6794,blasttv-paris-major-2023-challengers-stage
16,2363843,2023/05/09 11:30,complexity,pain,1,0.586526654,0.5454545454545454,0.45454545454545453,2.14,1.68,0.46728972,0.595238095,0.439791,0.560209,6794,blasttv-paris-major-2023-challengers-stage
17,2363844,2023/05/09 11:30,grayhound,themongolz,1,0.519886304,0.5,0.5,1.91,1.85,0.523560209,0.540540541,0.492021,0.507979,6794,blasttv-paris-major-2023-challengers-stage
18,2363845,2023/05/09 12:40,forze,monte,0,0.475310787,0.4727272727272727,0.5272727272727272,2.35,1.56,0.425531915,0.641025641,0.398977,0.601023,6794,blasttv-paris-major-2023-challengers-stage
19,2363846,2023/05/09 12:25,ninjas-in-pyjamas,og,1,0.29089475,0.42727272727272725,0.5727272727272728,1.75,2.01,0.571428571,0.497512438,0.534574,0.465426,6794,blasttv-paris-major-2023-challengers-stage
20,2363847,2023/05/09 14:05,ence,faze,1,0.403482132,0.5,0.5,2.47,1.52,0.4048583,0.657894737,0.380952,0.619048,6794,blasttv-paris-major-2023-challengers-stage
21,2363848,2023/05/09 13:55,apeks,g2,0,0.206306938,0.4818181818181818,0.5181818181818182,3.83,1.24,0.261096606,0.806451613,0.244576,0.755424,6794,blasttv-paris-major-2023-challengers-stage
22,2363849,2023/05/09 18:15,fluxo,liquid,0,0.298977413,0.35454545454545455,0.6454545454545455,5.85,1.12,0.170940171,0.892857143,0.160689,0.839311,6794,blasttv-paris-major-2023-challengers-stage
23,2363850,2023/05/09 16:20,gamerlegion,mouz,1,0.361016496,0.45454545454545453,0.5454545454545454,2.75,1.43,0.363636364,0.699300699,0.342105,0.657895,6794,blasttv-paris-major-2023-challengers-stage
24,2363851,2023/05/10 11:30,gamerlegion,og,1,0.39264532,0.44545454545454544,0.5545454545454546,2.57,1.49,0.389105058,0.67114094,0.366995,0.633005,6794,blasttv-paris-major-2023-challengers-stage
25,2363852,2023/05/10 11:30,themongolz,monte,0,0.346551003,0.42727272727272725,0.5727272727272728,4.55,1.18,0.21978022,0.847457627,0.205934,0.794066,6794,blasttv-paris-major-2023-challengers-stage
26,2363853,2023/05/10 14:15,complexity,liquid,0,0.435521753,0.4727272727272727,0.5272727272727272,2.74,1.42,0.364963504,0.704225352,0.341346,0.658654,6794,blasttv-paris-major-2023-challengers-stage
27,2363854,2023/05/10 15:20,faze,forze,1,0.603276839,0.5909090909090909,0.4090909090909091,1.39,3.04,0.71942446,0.328947368,0.68623,0.31377,6794,blasttv-paris-major-2023-challengers-stage
28,2363855,2023/05/10 18:10,grayhound,ninjas-in-pyjamas,0,0.486925037,0.42727272727272725,0.5727272727272728,4.47,1.17,0.223713647,0.854700855,0.207447,0.792553,6794,blasttv-paris-major-2023-challengers-stage
29,2363856,2023/05/10 16:35,apeks,pain,1,0.610120612,0.6090909090909091,0.39090909090909093,1.68,2.12,0.595238095,0.471698113,0.557895,0.442105,6794,blasttv-paris-major-2023-challengers-stage
30,2363857,2023/05/11 11:30,forze,gamerlegion,0,0.538144203,0.4909090909090909,0.509090909090909,1.65,2.18,0.606060606,0.458715596,0.569191,0.430809,6794,blasttv-paris-major-2023-challengers-stage
31,2363858,2023/05/11 14:25,monte,pain,1,0.818872561,0.6363636363636364,0.36363636363636365,1.59,2.33,0.628930818,0.429184549,0.594388,0.405612,6794,blasttv-paris-major-2023-challengers-stage
32,2363859,2023/05/11 17:50,grayhound,liquid,0,0.393158529,0.36363636363636365,0.6363636363636364,4.78,1.17,0.209205021,0.854700855,0.196639,0.803361,6794,blasttv-paris-major-2023-challengers-stage
33,2363860,2023/05/13 11:30,natus-vincere,gamerlegion,1,0.626084822,0.6636363636363637,0.33636363636363636,1.32,3.29,0.757575758,0.303951368,0.713666,0.286334,6793,blasttv-paris-major-2023
34,2363861,2023/05/13 11:30,9ine,liquid,1,0.482008914,0.4090909090909091,0.5909090909090909,1.83,1.92,0.546448087,0.520833333,0.512,0.488,6793,blasttv-paris-major-2023
35,2363862,2023/05/13 12:45,furia,monte,1,0.349616272,0.4727272727272727,0.5272727272727272,1.66,2.15,0.602409639,0.465116279,0.564304,0.435696,6793,blasttv-paris-major-2023
36,2363863,2023/05/13 12:55,fnatic,ninjas-in-pyjamas,1,0.533849179,0.4,0.6,2.13,1.67,0.469483568,0.598802395,0.439474,0.560526,6793,blasttv-paris-major-2023
37,2363864,2023/05/13 13:50,heroic,faze,0,0.481737554,0.5454545454545454,0.45454545454545453,1.78,1.97,0.561797753,0.507614213,0.525333,0.474667,6793,blasttv-paris-major-2023
38,2363865,2023/05/13 14:10,into-the-breach,apeks,0,0.445575376,0.4636363636363636,0.5363636363636364,2.45,1.52,0.408163265,0.657894737,0.382872,0.617128,6793,blasttv-paris-major-2023
39,2363866,2023/05/13 15:05,vitality,g2,1,0.533674042,0.5181818181818182,0.4818181818181818,1.96,1.79,0.510204082,0.558659218,0.477333,0.522667,6793,blasttv-paris-major-2023
40,2363867,2023/05/13 15:25,bad-news-eagles,ence,1,0.535044481,0.5363636363636364,0.4636363636363636,2.78,1.42,0.35971223,0.704225352,0.338095,0.661905,6793,blasttv-paris-major-2023
41,2363868,2023/05/13 17:20,liquid,natus-vincere,0,0.347054323,0.37272727272727274,0.6272727272727273,2.56,1.46,0.390625,0.684931507,0.363184,0.636816,6793,blasttv-paris-major-2023
42,2363869,2023/05/13 17:20,fnatic,monte,0,0.38672899,0.44545454545454544,0.5545454545454546,2.0,1.76,0.5,0.568181818,0.468085,0.531915,6793,blasttv-paris-major-2023
43,2363870,2023/05/13 18:40,vitality,ence,1,0.611207259,0.6181818181818182,0.38181818181818183,1.54,2.39,0.649350649,0.418410042,0.608142,0.391858,6793,blasttv-paris-major-2023
44,2363871,2023/05/13 19:10,heroic,apeks,1,0.756455742,0.6545454545454545,0.34545454545454546,1.34,3.13,0.746268657,0.319488818,0.700224,0.299776,6793,blasttv-paris-major-2023
45,2363872,2023/05/13 20:05,furia,ninjas-in-pyjamas,1,0.493634668,0.5181818181818182,0.4818181818181818,1.79,1.97,0.558659218,0.507614213,0.523936,0.476064,6793,blasttv-paris-major-2023
46,2363873,2023/05/13 20:20,9ine,gamerlegion,0,0.454016478,0.4727272727272727,0.5272727272727272,1.62,2.23,0.617283951,0.448430493,0.579221,0.420779,6793,blasttv-paris-major-2023
47,2363874,2023/05/13 21:15,bad-news-eagles,g2,1,0.456762644,0.4909090909090909,0.509090909090909,4.44,1.19,0.225225225,0.840336134,0.211368,0.788632,6793,blasttv-paris-major-2023
48,2363875,2023/05/13 21:40,faze,into-the-breach,0,0.804326144,0.5727272727272728,0.42727272727272725,1.25,3.79,0.8,0.263852243,0.751984,0.248016,6793,blasttv-paris-major-2023
49,2363876,2023/05/14 11:30,natus-vincere,ninjas-in-pyjamas,0,0.717443237,0.6272727272727273,0.37272727272727274,1.51,2.49,0.662251656,0.401606426,0.6225,0.3775,6793,blasttv-paris-major-2023
50,2363877,2023/05/14 11:30,fnatic,gamerlegion,0,0.512028683,0.42727272727272725,0.5727272727272728,1.68,2.13,0.595238095,0.469483568,0.559055,0.440945,6793,blasttv-paris-major-2023
51,2363878,2023/05/14 12:45,ence,into-the-breach,1,0.840125623,0.6090909090909091,0.39090909090909093,1.3,3.36,0.769230769,0.297619048,0.72103,0.27897,6793,blasttv-paris-major-2023
52,2363879,2023/05/14 12:55,apeks,bad-news-eagles,0,0.291232517,0.5,0.5,1.74,2.03,0.574712644,0.492610837,0.538462,0.461538,6793,blasttv-paris-major-2023
53,2363880,2023/05/14 13:55,heroic,liquid,1,0.664820228,0.5272727272727272,0.4727272727272727,1.39,2.87,0.71942446,0.348432056,0.673709,0.326291,6793,blasttv-paris-major-2023
54,2363881,2023/05/14 14:00,monte,vitality,0,0.368163272,0.45454545454545453,0.5454545454545454,3.21,1.33,0.31152648,0.751879699,0.292952,0.707048,6793,blasttv-paris-major-2023
55,2363882,2023/05/14 17:55,furia,g2,0,0.353342851,0.5454545454545454,0.45454545454545453,3.31,1.33,0.302114804,0.751879699,0.286638,0.713362,6793,blasttv-paris-major-2023
56,2363883,2023/05/14 17:00,9ine,faze,0,0.308213732,0.4727272727272727,0.5272727272727272,2.99,1.37,0.334448161,0.729927007,0.31422,0.68578,6793,blasttv-paris-major-2023
57,2363884,2023/05/15 11:30,ence,ninjas-in-pyjamas,0,0.591727416,0.509090909090909,0.4909090909090909,1.55,2.37,0.64516129,0.421940928,0.604592,0.395408,6793,blasttv-paris-major-2023
58,2363885,2023/05/15 11:30,faze,bad-news-eagles,1,0.51431225,0.5272727272727272,0.4727272727272727,1.24,3.87,0.806451613,0.258397933,0.757339,0.242661,6793,blasttv-paris-major-2023
59,2363886,2023/05/15 15:45,fnatic,g2,1,0.354365894,0.42727272727272725,0.5727272727272728,4.1,1.22,0.243902439,0.819672131,0.229323,0.770677,6793,blasttv-paris-major-2023
60,2363887,2023/05/15 14:00,monte,natus-vincere,1,0.426067639,0.5363636363636364,0.4636363636363636,2.96,1.38,0.337837838,0.724637681,0.317972,0.682028,6793,blasttv-paris-major-2023
61,2363888,2023/05/15 16:25,liquid,into-the-breach,1,0.708422198,0.6181818181818182,0.38181818181818183,1.31,3.29,0.763358779,0.303951368,0.715217,0.284783,6793,blasttv-paris-major-2023
62,2363889,2023/05/15 20:00,apeks,gamerlegion,0,0.329725958,0.5363636363636364,0.4636363636363636,1.66,2.16,0.602409639,0.462962963,0.565445,0.434555,6793,blasttv-paris-major-2023
63,2363890,2023/05/16 11:30,faze,natus-vincere,1,0.570752976,0.6,0.4,1.81,1.94,0.552486188,0.515463918,0.517333,0.482667,6793,blasttv-paris-major-2023
64,2363891,2023/05/16 15:45,fnatic,into-the-breach,0,0.774301675,0.5818181818181818,0.41818181818181815,1.45,2.64,0.689655172,0.378787879,0.645477,0.354523,6793,blasttv-paris-major-2023
65,2363892,2023/05/16 19:30,apeks,ninjas-in-pyjamas,1,0.368969601,0.4727272727272727,0.5272727272727272,2.45,1.52,0.408163265,0.657894737,0.382872,0.617128,6793,blasttv-paris-major-2023
66,2364286,2023/05/18 15:00,heroic,faze,1,0.464475595,0.5272727272727272,0.4727272727272727,1.61,2.24,0.621118012,0.446428571,0.581818,0.418182,6793,blasttv-paris-major-2023
67,2364287,2023/05/19 15:00,monte,gamerlegion,0,0.544537697,0.5909090909090909,0.4090909090909091,1.53,2.42,0.653594771,0.41322314,0.612658,0.387342,6793,blasttv-paris-major-2023
68,2364288,2023/05/19 17:55,liquid,apeks,0,0.581076501,0.5545454545454546,0.44545454545454544,1.48,2.61,0.675675676,0.383141762,0.638142,0.361858,6793,blasttv-paris-major-2023
69,2364289,2023/05/18 19:15,vitality,into-the-breach,1,0.863585961,0.6454545454545455,0.35454545454545455,1.12,5.85,0.892857143,0.170940171,0.839311,0.160689,6793,blasttv-paris-major-2023
70,2364290,2023/05/20 15:00,heroic,gamerlegion,0,0.625826899,0.5909090909090909,0.4090909090909091,3.76,1.25,0.265957447,0.8,0.249501,0.750499,6793,blasttv-paris-major-2023
71,2364291,2023/05/20 19:35,vitality,apeks,1,0.698122201,0.6181818181818182,0.38181818181818183,1.23,3.96,0.81300813,0.252525253,0.763006,0.236994,6793,blasttv-paris-major-2023
72,2364292,2023/05/21 17:00,gamerlegion,vitality,0,0.338303542,0.43636363636363634,0.5636363636363636,3.3,1.33,0.303030303,0.751879699,0.287257,0.712743,6793,blasttv-paris-major-2023
73,2364389,2023/05/29 18:00,furia,og,0,0.543296521,0.5636363636363636,0.43636363636363634,1.75,2.01,0.571428571,0.497512438,0.534574,0.465426,6861,iem-dallas-2023
74,2364390,2023/05/29 18:00,g2,nouns,0,0.848314552,0.6090909090909091,0.39090909090909093,1.11,6.18,0.900900901,0.161812298,0.847737,0.152263,6861,iem-dallas-2023
75,2364391,2023/05/29 19:45,heroic,9z,0,0.493235134,0.6,0.4,1.17,4.61,0.854700855,0.21691974,0.797578,0.202422,6861,iem-dallas-2023
76,2364392,2023/05/29 19:20,fnatic,mouz,1,0.450441641,0.4636363636363636,0.5363636363636364,2.25,1.61,0.444444444,0.621118012,0.417098,0.582902,6861,iem-dallas-2023
77,2364394,2023/05/29 20:45,ence,complexity,0,0.753091073,0.6181818181818182,0.38181818181818183,1.29,3.42,0.775193798,0.292397661,0.726115,0.273885,6861,iem-dallas-2023
78,2364395,2023/05/29 22:05,liquid,astralis,0,0.308528431,0.5363636363636364,0.4636363636363636,1.87,1.87,0.534759358,0.534759358,0.5,0.5,6861,iem-dallas-2023
79,2364396,2023/05/29 22:40,cloud9,grayhound,0,0.843684618,0.6272727272727273,0.37272727272727274,1.17,4.71,0.854700855,0.212314225,0.80102,0.19898,6861,iem-dallas-2023
80,2364472,2023/05/29 23:50,g2,og,1,0.656783555,0.6272727272727273,0.37272727272727274,1.26,3.74,0.793650794,0.267379679,0.748,0.252,6861,iem-dallas-2023
81,2364473,2023/05/29 23:45,furia,nouns,1,0.77056606,0.6090909090909091,0.39090909090909093,1.16,5.1,0.862068966,0.196078431,0.814696,0.185304,6861,iem-dallas-2023
82,2364474,2023/05/30 02:30,mouz,heroic,0,0.377366551,0.44545454545454544,0.5545454545454546,3.15,1.34,0.317460317,0.746268657,0.298441,0.701559,6861,iem-dallas-2023
83,2364475,2023/05/30 02:30,fnatic,9z,0,0.31161117,0.4909090909090909,0.509090909090909,1.45,2.73,0.689655172,0.366300366,0.65311,0.34689,6861,iem-dallas-2023
84,2364477,2023/05/30 18:00,liquid,grayhound,1,0.460472054,0.6454545454545455,0.35454545454545455,1.12,5.81,0.892857143,0.17211704,0.838384,0.161616,6861,iem-dallas-2023
85,2364478,2023/05/30 21:30,faze,ence,0,0.698371431,0.5636363636363636,0.43636363636363634,1.66,2.16,0.602409639,0.462962963,0.565445,0.434555,6861,iem-dallas-2023
86,2364479,2023/05/31 01:00,og,9z,1,0.224548063,0.4909090909090909,0.509090909090909,1.44,2.68,0.694444444,0.373134328,0.650485,0.349515,6861,iem-dallas-2023
87,2364480,2023/05/31 01:00,cloud9,astralis,0,0.547134125,0.5454545454545454,0.45454545454545453,1.52,2.45,0.657894737,0.408163265,0.617128,0.382872,6861,iem-dallas-2023
88,2364481,2023/05/30 21:40,furia,mouz,0,0.445617202,0.5454545454545454,0.45454545454545453,1.87,1.87,0.534759358,0.534759358,0.5,0.5,6861,iem-dallas-2023
89,2364482,2023/05/31 18:00,complexity,cloud9,0,0.12609317,0.39090909090909093,0.6090909090909091,5.35,1.14,0.186915888,0.877192982,0.175655,0.824345,6861,iem-dallas-2023
90,2364483,2023/05/31 18:00,faze,liquid,1,0.699308017,0.509090909090909,0.4909090909090909,1.6,2.27,0.625,0.440528634,0.586563,0.413437,6861,iem-dallas-2023
91,2364484,2023/05/31 21:50,mouz,og,1,0.549090975,0.6,0.4,1.69,2.12,0.591715976,0.471698113,0.55643,0.44357,6861,iem-dallas-2023
92,2364485,2023/05/31 21:30,g2,heroic,0,0.417011591,0.44545454545454544,0.5545454545454546,1.84,1.91,0.543478261,0.523560209,0.509333,0.490667,6861,iem-dallas-2023
93,2364486,2023/06/01 01:00,ence,astralis,1,0.302463813,0.41818181818181815,0.5818181818181818,2.01,1.76,0.497512438,0.568181818,0.466844,0.533156,6861,iem-dallas-2023
94,2364487,2023/06/01 01:00,faze,cloud9,1,0.471275453,0.4909090909090909,0.509090909090909,1.75,2.03,0.571428571,0.492610837,0.537037,0.462963,6861,iem-dallas-2023
95,2364488,2023/06/02 20:30,astralis,mouz,0,0.598581815,0.6181818181818182,0.38181818181818183,1.54,2.4,0.649350649,0.416666667,0.609137,0.390863,6861,iem-dallas-2023
96,2364489,2023/06/03 00:35,g2,faze,0,0.387426528,0.43636363636363634,0.5636363636363636,1.64,2.25,0.609756098,0.444444444,0.578406,0.421594,6861,iem-dallas-2023
97,2364490,2023/06/03 18:30,heroic,mouz,0,0.594390088,0.6090909090909091,0.39090909090909093,1.31,3.34,0.763358779,0.299401198,0.71828,0.28172,6861,iem-dallas-2023
98,2364491,2023/06/03 23:00,ence,faze,1,0.350404714,0.43636363636363634,0.5636363636363636,2.21,1.65,0.452488688,0.606060606,0.427461,0.572539,6861,iem-dallas-2023
99,2364492,2023/06/04 20:00,mouz,ence,0,0.543483934,0.5454545454545454,0.45454545454545453,2.12,1.68,0.471698113,0.595238095,0.442105,0.557895,6861,iem-dallas-2023
100,2364709,2023/06/07 16:35,vitality,imperial,0,0.830779069,0.6818181818181818,0.3181818181818182,1.08,7.85,0.925925926,0.127388535,0.879059351,0.120940649,6972,blast-premier-spring-final-2023
101,2364710,2023/06/07 19:00,g2,cloud9,1,0.372554587,0.42727272727272725,0.5727272727272728,1.6,2.26,0.625,0.442477876,0.585492228,0.414507772,6972,blast-premier-spring-final-2023
102,2364711,2023/06/07 21:40,heroic,complexity,1,0.813829965,0.6818181818181818,0.3181818181818182,1.1,6.51,0.909090909,0.153609831,0.855453351,0.144546649,6972,blast-premier-spring-final-2023
103,2364712,2023/06/07 23:55,faze,astralis,1,0.597531023,0.5727272727272728,0.42727272727272725,1.63,2.29,0.613496933,0.436681223,0.584183673,0.415816327,6972,blast-premier-spring-final-2023
104,2364713,2023/06/08 19:05,imperial,g2,0,0.342898107,0.4,0.6,4.9,1.16,0.204081633,0.862068966,0.191419142,0.808580858,6972,blast-premier-spring-final-2023
105,2364714,2023/06/08 16:00,vitality,cloud9,1,0.560576312,0.5909090909090909,0.4090909090909091,1.54,2.39,0.649350649,0.418410042,0.608142493,0.391857507,6972,blast-premier-spring-final-2023
106,2364715,2023/06/08 23:25,complexity,astralis,1,0.169073669,0.42727272727272725,0.5727272727272728,4.68,1.19,0.213675214,0.840336134,0.202725724,0.797274276,6972,blast-premier-spring-final-2023
107,2364716,2023/06/09 03:40,heroic,faze,1,0.465953633,0.5272727272727272,0.4727272727272727,1.7,2.12,0.588235294,0.471698113,0.554973822,0.445026178,6972,blast-premier-spring-final-2023
108,2364749,2023/06/09 19:00,imperial,complexity,1,0.616563863,0.6181818181818182,0.38181818181818183,1.61,2.24,0.621118012,0.446428571,0.581818182,0.418181818,6972,blast-premier-spring-final-2023
109,2364750,2023/06/09 21:55,vitality,faze,1,0.548421051,0.5818181818181818,0.41818181818181815,1.7,2.13,0.588235294,0.469483568,0.55613577,0.44386423,6972,blast-premier-spring-final-2023
110,2364751,2023/06/10 19:15,heroic,imperial,1,0.738098917,0.6454545454545455,0.35454545454545455,1.19,4.47,0.840336134,0.223713647,0.78975265,0.21024735,6972,blast-premier-spring-final-2023
111,2364752,2023/06/11 00:00,g2,vitality,0,0.343529927,0.36363636363636365,0.6363636363636364,2.01,1.76,0.497512438,0.568181818,0.466843502,0.533156498,6972,blast-premier-spring-final-2023
112,2364753,2023/06/11 20:30,heroic,vitality,1,0.429329371,0.43636363636363634,0.5636363636363636,2.06,1.72,0.485436893,0.581395349,0.455026455,0.544973545,6972,blast-premier-spring-final-2023
113,2365224,2023/07/13 15:00,vitality,evil-geniuses,1,0.976536363,0.7272727272727273,0.2727272727272727,1.08,7.38,0.925925926,0.135501355,0.872340426,0.127659574,6973,blast-premier-fall-groups-2023
114,2365225,2023/07/13 17:20,ninjas-in-pyjamas,complexity,0,0.484784243,0.6090909090909091,0.39090909090909093,1.48,2.58,0.675675676,0.387596899,0.635467981,0.364532019,6973,blast-premier-fall-groups-2023
115,2365226,2023/07/14 12:00,heroic,big,1,0.871125229,0.5636363636363636,0.43636363636363634,1.11,6.12,0.900900901,0.163398693,0.846473029,0.153526971,6973,blast-premier-fall-groups-2023
116,2365227,2023/07/14 14:45,natus-vincere,astralis,1,0.745073655,0.4636363636363636,0.5363636363636364,1.51,2.55,0.662251656,0.392156863,0.628078818,0.371921182,6973,blast-premier-fall-groups-2023
117,2365228,2023/07/14 18:40,faze,og,1,0.901958424,0.6454545454545455,0.35454545454545455,1.18,4.6,0.847457627,0.217391304,0.795847751,0.204152249,6973,blast-premier-fall-groups-2023
118,2365229,2023/07/15 12:00,g2,liquid,0,0.592939147,0.509090909090909,0.4909090909090909,1.33,3.19,0.751879699,0.313479624,0.705752212,0.294247788,6973,blast-premier-fall-groups-2023
119,2365230,2023/07/15 16:15,vitality,complexity,1,0.817329182,0.7090909090909091,0.2909090909090909,1.15,5.12,0.869565217,0.1953125,0.816586922,0.183413078,6973,blast-premier-fall-groups-2023
120,2365231,2023/07/15 18:25,evil-geniuses,ninjas-in-pyjamas,0,0.180340748,0.3090909090909091,0.6909090909090909,4.54,1.18,0.220264317,0.847457627,0.206293706,0.793706294,6973,blast-premier-fall-groups-2023
121,2365232,2023/07/18 15:00,complexity,ninjas-in-pyjamas,0,0.566190346,0.5,0.5,2.23,1.62,0.448430493,0.617283951,0.42077922,0.57922078,6973,blast-premier-fall-groups-2023
122,2365233,2023/07/19 17:45,vitality,ninjas-in-pyjamas,0,0.849656155,0.6363636363636364,0.36363636363636365,1.12,6.9,0.892857143,0.144927536,0.860349127,0.139650873,6973,blast-premier-fall-groups-2023
123,2365234,2023/07/16 15:00,heroic,natus-vincere,1,0.483124955,0.5363636363636364,0.4636363636363636,1.4,2.87,0.714285714,0.348432056,0.672131147,0.327868853,6973,blast-premier-fall-groups-2023
124,2365235,2023/07/16 17:40,big,astralis,1,0.334578847,0.41818181818181815,0.5818181818181818,2.98,1.39,0.33557047,0.71942446,0.318077803,0.681922197,6973,blast-premier-fall-groups-2023
125,2365236,2023/07/18 19:10,natus-vincere,big,1,0.824806632,0.6545454545454545,0.34545454545454546,1.31,3.27,0.763358779,0.305810398,0.713973799,0.286026201,6973,blast-premier-fall-groups-2023
126,2365237,2023/07/20 15:00,heroic,natus-vincere,1,0.512746386,0.5818181818181818,0.41818181818181815,1.3,3.35,0.769230769,0.298507463,0.720430107,0.279569893,6973,blast-premier-fall-groups-2023
127,2365238,2023/07/17 15:00,faze,liquid,0,0.661487734,0.5181818181818182,0.4818181818181818,1.46,2.61,0.684931507,0.383141762,0.641277642,0.358722358,6973,blast-premier-fall-groups-2023
128,2365239,2023/07/17 18:45,og,g2,0,0.186139692,0.36363636363636365,0.6363636363636364,4.12,1.22,0.242718447,0.819672131,0.22846442,0.77153558,6973,blast-premier-fall-groups-2023
129,2365240,2023/07/19 15:00,faze,g2,1,0.581231061,0.5454545454545454,0.45454545454545453,2.07,1.71,0.483091787,0.584795322,0.452380952,0.547619048,6973,blast-premier-fall-groups-2023
130,2365241,2023/07/20 19:15,liquid,faze,0,0.367370367,0.4090909090909091,0.5909090909090909,2.51,1.53,0.398406375,0.653594771,0.378712872,0.621287128,6973,blast-premier-fall-groups-2023
131,2365242,2023/07/21 15:00,astralis,complexity,1,0.429361924,0.5272727272727272,0.4727272727272727,1.59,2.27,0.628930818,0.440528634,0.588082902,0.411917098,6973,blast-premier-fall-groups-2023
132,2365243,2023/07/21 17:30,og,big,0,0.441388693,0.43636363636363634,0.5636363636363636,2.01,1.75,0.497512438,0.571428571,0.465425532,0.534574468,6973,blast-premier-fall-groups-2023
133,2365244,2023/07/22 15:00,evil-geniuses,g2,0,0.071039107,0.3090909090909091,0.6909090909090909,8.2,1.06,0.12195122,0.943396226,0.114470843,0.885529157,6973,blast-premier-fall-groups-2023
134,2365245,2023/07/22 19:20,liquid,astralis,0,0.652484667,0.5636363636363636,0.43636363636363634,1.67,2.17,0.598802395,0.460829493,0.565104167,0.434895833,6973,blast-premier-fall-groups-2023
135,2365246,2023/07/23 15:00,vitality,big,1,0.841754474,0.6727272727272727,0.32727272727272727,1.11,6.17,0.900900901,0.162074554,0.847527473,0.152472527,6973,blast-premier-fall-groups-2023
136,2365247,2023/07/23 17:40,natus-vincere,g2,1,0.632499544,0.39090909090909093,0.6090909090909091,2.07,1.7,0.483091787,0.588235294,0.450928382,0.549071618,6973,blast-premier-fall-groups-2023
137,2365415,2023/07/26 14:30,mouz,themongolz,1,0.886223211,0.6454545454545455,0.35454545454545455,1.14,5.35,0.877192982,0.186915888,0.824345,0.175655,6812,iem-cologne-2023-play-in
138,2365416,2023/07/26 14:30,into-the-breach,ninjas-in-pyjamas,1,0.406839621,0.4636363636363636,0.5363636363636364,2.72,1.43,0.367647059,0.699300699,0.344578,0.655422,6812,iem-cologne-2023-play-in
139,2365417,2023/07/26 15:50,fnatic,complexity,1,0.495018426,0.6090909090909091,0.39090909090909093,1.83,1.92,0.546448087,0.520833333,0.512,0.488,6812,iem-cologne-2023-play-in
140,2365418,2023/07/26 16:15,og,9ine,0,0.219710744,0.43636363636363634,0.5636363636363636,2.05,1.71,0.487804878,0.584795322,0.454787,0.545213,6812,iem-cologne-2023-play-in
141,2365419,2023/07/26 18:10,monte,imperial,0,0.618516396,0.6090909090909091,0.39090909090909093,1.61,2.29,0.621118012,0.436681223,0.587179,0.412821,6812,iem-cologne-2023-play-in
142,2365420,2023/07/26 17:30,astralis,liquid,1,0.399174678,0.4636363636363636,0.5363636363636364,1.79,1.95,0.558659218,0.512820513,0.52139,0.47861,6812,iem-cologne-2023-play-in
143,2365421,2023/07/26 19:40,apeks,big,1,0.59844257,0.6454545454545455,0.35454545454545455,1.6,2.28,0.625,0.438596491,0.587629,0.412371,6812,iem-cologne-2023-play-in
144,2365422,2023/07/26 18:45,grayhound,furia,0,0.348775368,0.45454545454545453,0.5454545454545454,3.56,1.26,0.280898876,0.793650794,0.261411,0.738589,6812,iem-cologne-2023-play-in
145,2365423,2023/07/26 20:10,ninjas-in-pyjamas,mouz,0,0.269259667,0.5454545454545454,0.45454545454545453,1.72,2.07,0.581395349,0.483091787,0.546174,0.453826,6812,iem-cologne-2023-play-in
146,2365424,2023/07/26 21:00,fnatic,9ine,1,0.394474084,0.4636363636363636,0.5363636363636364,2.0,1.78,0.5,0.561797753,0.470899,0.529101,6812,iem-cologne-2023-play-in
147,2365425,2023/07/27 12:30,astralis,apeks,1,0.485250914,0.5727272727272728,0.42727272727272725,1.52,2.47,0.657894737,0.4048583,0.619048,0.380952,6812,iem-cologne-2023-play-in
148,2365426,2023/07/27 19:40,monte,furia,1,0.354676469,0.45454545454545453,0.5454545454545454,2.31,1.57,0.432900433,0.636942675,0.404639,0.595361,6812,iem-cologne-2023-play-in
149,2365427,2023/07/27 12:30,into-the-breach,themongolz,0,0.749981446,0.6363636363636364,0.36363636363636365,1.56,2.36,0.641025641,0.423728814,0.602041,0.397959,6812,iem-cologne-2023-play-in
150,2365428,2023/07/27 20:45,complexity,og,0,0.701662737,0.5818181818181818,0.41818181818181815,1.82,1.92,0.549450549,0.520833333,0.513369,0.486631,6812,iem-cologne-2023-play-in
151,2365429,2023/07/27 16:35,liquid,big,1,0.694393478,0.5818181818181818,0.41818181818181815,1.28,3.7,0.78125,0.27027027,0.742972,0.257028,6812,iem-cologne-2023-play-in
152,2365430,2023/07/27 16:00,imperial,grayhound,1,0.5216779,0.6181818181818182,0.38181818181818183,1.53,2.42,0.653594771,0.41322314,0.612658,0.387342,6812,iem-cologne-2023-play-in
153,2365431,2023/07/28 16:00,themongolz,furia,1,0.307016,0.41818181818181815,0.5818181818181818,3.49,1.28,0.286532951,0.78125,0.268344,0.731656,6812,iem-cologne-2023-play-in
154,2365432,2023/07/28 19:30,apeks,og,0,0.734939754,0.6090909090909091,0.39090909090909093,1.56,2.36,0.641025641,0.423728814,0.602041,0.397959,6812,iem-cologne-2023-play-in
155,2365433,2023/07/28 16:00,9ine,liquid,1,0.54449085,0.38181818181818183,0.6181818181818182,2.51,1.5,0.398406375,0.666666667,0.374065,0.625935,6812,iem-cologne-2023-play-in
156,2365434,2023/07/28 19:55,ninjas-in-pyjamas,imperial,1,0.43383489,0.45454545454545453,0.5454545454545454,1.41,2.77,0.709219858,0.36101083,0.662679,0.337321,6812,iem-cologne-2023-play-in
157,2365537,2023/07/29 12:30,cloud9,fnatic,0,0.810362629,0.5545454545454546,0.44545454545454544,1.48,2.54,0.675675676,0.393700787,0.631841,0.368159,6811,iem-cologne-2023
158,2365538,2023/07/29 12:30,gamerlegion,monte,0,0.510416955,0.4727272727272727,0.5272727272727272,2.77,1.41,0.36101083,0.709219858,0.337321,0.662679,6811,iem-cologne-2023
159,2365539,2023/07/29 16:45,g2,astralis,1,0.566499176,0.6,0.4,1.66,2.13,0.602409639,0.469483568,0.562005,0.437995,6811,iem-cologne-2023
160,2365540,2023/07/29 16:00,ence,9ine,1,0.565760864,0.509090909090909,0.4909090909090909,1.42,2.77,0.704225352,0.36101083,0.661098,0.338902,6811,iem-cologne-2023
161,2365541,2023/07/29 19:50,heroic,themongolz,1,0.603795291,0.5909090909090909,0.4090909090909091,1.09,6.81,0.917431193,0.146842878,0.862025,0.137975,6811,iem-cologne-2023
162,2365542,2023/07/29 20:50,natus-vincere,mouz,0,0.561896763,0.5,0.5,1.61,2.24,0.621118012,0.446428571,0.581818,0.418182,6811,iem-cologne-2023
163,2365543,2023/07/30 12:30,vitality,og,1,0.915303204,0.6636363636363637,0.33636363636363636,1.15,5.1,0.869565217,0.196078431,0.816,0.184,6811,iem-cologne-2023
164,2365544,2023/07/30 16:40,faze,ninjas-in-pyjamas,1,0.775095547,0.5727272727272728,0.42727272727272725,1.33,3.21,0.751879699,0.31152648,0.707048,0.292952,6811,iem-cologne-2023
165,2365545,2023/07/30 20:30,monte,heroic,0,0.307395134,0.32727272727272727,0.6727272727272727,3.34,1.29,0.299401198,0.775193798,0.278618,0.721382,6811,iem-cologne-2023
166,2365546,2023/07/30 19:30,gamerlegion,themongolz,1,0.521855005,0.5727272727272728,0.42727272727272725,2.17,1.65,0.460829493,0.606060606,0.431937,0.568063,6811,iem-cologne-2023
167,2365547,2023/07/30 16:00,fnatic,ence,0,0.365117062,0.4727272727272727,0.5272727272727272,2.27,1.6,0.440528634,0.625,0.413437,0.586563,6811,iem-cologne-2023
168,2365548,2023/07/30 12:30,cloud9,9ine,1,0.704159938,0.5181818181818182,0.4818181818181818,1.52,2.43,0.657894737,0.411522634,0.61519,0.38481,6811,iem-cologne-2023
169,2365549,2023/07/31 12:30,mouz,vitality,0,0.449011571,0.35454545454545455,0.6454545454545455,2.78,1.41,0.35971223,0.709219858,0.336516,0.663484,6811,iem-cologne-2023
170,2365550,2023/07/31 16:00,natus-vincere,og,1,0.87717731,0.6636363636363637,0.33636363636363636,1.36,3.04,0.735294118,0.328947368,0.690909,0.309091,6811,iem-cologne-2023
171,2365551,2023/07/31 16:00,g2,faze,1,0.378043646,0.45454545454545453,0.5454545454545454,2.28,1.59,0.438596491,0.628930818,0.410853,0.589147,6811,iem-cologne-2023
172,2365552,2023/07/31 12:30,astralis,ninjas-in-pyjamas,1,0.590836598,0.5636363636363636,0.43636363636363634,1.61,2.25,0.621118012,0.444444444,0.582902,0.417098,6811,iem-cologne-2023
173,2365553,2023/07/31 20:10,fnatic,gamerlegion,0,0.441879701,0.5,0.5,1.4,2.86,0.714285714,0.34965035,0.671362,0.328638,6811,iem-cologne-2023
174,2365554,2023/07/31 19:30,cloud9,monte,1,0.699012908,0.5818181818181818,0.41818181818181815,1.66,2.16,0.602409639,0.462962963,0.565445,0.434555,6811,iem-cologne-2023
175,2365555,2023/08/01 12:30,faze,natus-vincere,0,0.475116454,0.5363636363636364,0.4636363636363636,1.52,2.45,0.657894737,0.408163265,0.617128,0.382872,6811,iem-cologne-2023
176,2365556,2023/08/01 12:30,mouz,astralis,0,0.688331306,0.42727272727272725,0.5727272727272728,2.07,1.71,0.483091787,0.584795322,0.452381,0.547619,6811,iem-cologne-2023
177,2365557,2023/08/01 16:00,cloud9,gamerlegion,1,0.704895917,0.6090909090909091,0.39090909090909093,1.27,3.56,0.787401575,0.280898876,0.73706,0.26294,6811,iem-cologne-2023
178,2365558,2023/08/01 16:00,vitality,g2,0,0.701474703,0.5909090909090909,0.4090909090909091,1.49,2.53,0.67114094,0.395256917,0.629353,0.370647,6811,iem-cologne-2023
179,2365559,2023/08/01 20:15,astralis,natus-vincere,1,0.297383289,0.5181818181818182,0.4818181818181818,2.22,1.71,0.45045045,0.584795322,0.435115,0.564885,6811,iem-cologne-2023
180,2365560,2023/08/01 20:25,ence,heroic,1,0.347667415,0.34545454545454546,0.6545454545454545,2.9,1.42,0.344827586,0.704225352,0.328704,0.671296,6811,iem-cologne-2023
181,2365561,2023/08/04 15:30,vitality,cloud9,1,0.555035356,0.5636363636363636,0.43636363636363634,1.51,2.46,0.662251656,0.406504065,0.619647,0.380353,6811,iem-cologne-2023
182,2365562,2023/08/04 19:10,heroic,astralis,0,0.720327025,0.6363636363636364,0.36363636363636365,1.53,2.45,0.653594771,0.408163265,0.615578,0.384422,6811,iem-cologne-2023
183,2365563,2023/08/05 15:30,ence,vitality,1,0.349368795,0.45454545454545453,0.5454545454545454,2.68,1.44,0.373134328,0.694444444,0.349515,0.650485,6811,iem-cologne-2023
184,2365564,2023/08/05 20:10,g2,astralis,1,0.537854239,0.5454545454545454,0.45454545454545453,1.71,2.07,0.584795322,0.483091787,0.547619,0.452381,6811,iem-cologne-2023
185,2365565,2023/08/06 16:00,ence,g2,0,0.530381063,0.5,0.5,2.13,1.67,0.469483568,0.598802395,0.439474,0.560526,6811,iem-cologne-2023
186,2365785,2023/08/16 13:00,apeks,gamerlegion,0,0.390660516,0.4909090909090909,0.509090909090909,1.74,2.03,0.574712644,0.492610837,0.538462,0.461538,7128,gamers8-2023
187,2365786,2023/08/16 13:00,cloud9,fnatic,1,0.758674374,0.6454545454545455,0.35454545454545455,1.39,2.89,0.71942446,0.346020761,0.675234,0.324766,7128,gamers8-2023
188,2365787,2023/08/16 16:30,heroic,falcons,1,0.722536162,0.6818181818181818,0.3181818181818182,1.12,5.72,0.892857143,0.174825175,0.836257,0.163743,7128,gamers8-2023
189,2365788,2023/08/16 17:15,mibr,vitality,0,0.140173132,0.38181818181818183,0.6181818181818182,7.3,1.07,0.136986301,0.934579439,0.127838,0.872162,7128,gamers8-2023
190,2365789,2023/08/16 20:00,liquid,ence,0,0.337163761,0.509090909090909,0.4909090909090909,2.49,1.5,0.401606426,0.666666667,0.37594,0.62406,7128,gamers8-2023
191,2365790,2023/08/16 20:30,natus-vincere,furia,1,0.673575027,0.5818181818181818,0.41818181818181815,1.35,3.1,0.740740741,0.322580645,0.696629,0.303371,7128,gamers8-2023
192,2365791,2023/08/17 13:00,9ine,g2,0,0.331375869,0.4818181818181818,0.5181818181818182,4.19,1.2,0.238663484,0.833333333,0.222635,0.777365,7128,gamers8-2023
193,2365792,2023/08/17 17:45,faze,virtuspro,0,0.528669697,0.4818181818181818,0.5181818181818182,1.64,2.24,0.609756098,0.446428571,0.57732,0.42268,7128,gamers8-2023
194,2365793,2023/08/17 22:30,vitality,natus-vincere,1,0.573676931,0.5818181818181818,0.41818181818181815,1.4,2.89,0.714285714,0.346020761,0.67366,0.32634,7128,gamers8-2023
195,2365794,2023/08/18 13:00,gamerlegion,heroic,0,0.308257908,0.39090909090909093,0.6090909090909091,4.23,1.2,0.236406619,0.833333333,0.220994,0.779006,7128,gamers8-2023
196,2365795,2023/08/18 17:10,cloud9,ence,0,0.559799043,0.5454545454545454,0.45454545454545453,1.73,2.02,0.578034682,0.495049505,0.538667,0.461333,7128,gamers8-2023
197,2365796,2023/08/18 20:20,g2,virtuspro,1,0.522449283,0.4818181818181818,0.5181818181818182,1.47,2.55,0.680272109,0.392156863,0.634328,0.365672,7128,gamers8-2023
198,2365797,2023/08/19 16:30,heroic,ence,0,0.565547401,0.5727272727272728,0.42727272727272725,1.76,1.98,0.568181818,0.505050505,0.529412,0.470588,7128,gamers8-2023
199,2365798,2023/08/19 20:10,vitality,g2,1,0.606737524,0.5454545454545454,0.45454545454545453,1.73,2.02,0.578034682,0.495049505,0.538667,0.461333,7128,gamers8-2023
200,2365799,2023/08/20 19:00,ence,vitality,0,0.398876924,0.5454545454545454,0.45454545454545453,2.05,1.71,0.487804878,0.584795322,0.454787,0.545213,7128,gamers8-2023
201,2366066,2023/08/30 16:00,furia,movistar-riders,0,0.727163881,0.6181818181818182,0.38181818181818183,1.34,3.1,0.746268657,0.322580645,0.698198198,0.301801802,6863,esl-pro-league-season-18
202,2366067,2023/08/30 16:00,grayhound,gamerlegion,0,0.337944714,0.4818181818181818,0.5181818181818182,3.17,1.33,0.315457413,0.751879699,0.295555555,0.704444445,6863,esl-pro-league-season-18
203,2366068,2023/08/30 19:45,astralis,ninjas-in-pyjamas,0,0.66657963,0.5363636363636364,0.4636363636363636,1.38,2.92,0.724637681,0.342465753,0.679069768,0.320930232,6863,esl-pro-league-season-18
204,2366069,2023/08/30 19:30,vitality,orks,1,0.945795636,0.6545454545454545,0.34545454545454546,1.04,10.41,0.961538462,0.096061479,0.909170306,0.090829694,6863,esl-pro-league-season-18
205,2366070,2023/08/31 12:30,furia,grayhound,1,0.682028996,0.5909090909090909,0.4090909090909091,1.22,4.05,0.819672131,0.24691358,0.768500949,0.231499051,6863,esl-pro-league-season-18
206,2366071,2023/08/31 19:45,orks,astralis,0,0.335234307,0.4909090909090909,0.509090909090909,10.09,1.04,0.099108028,0.961538462,0.09344115,0.90655885,6863,esl-pro-league-season-18
207,2366072,2023/08/31 16:00,movistar-riders,gamerlegion,1,0.367387245,0.4,0.6,2.25,1.61,0.444444444,0.621118012,0.417098446,0.582901554,6863,esl-pro-league-season-18
208,2366073,2023/08/31 19:30,vitality,ninjas-in-pyjamas,1,0.863956939,0.7272727272727273,0.2727272727272727,1.2,4.29,0.833333333,0.233100233,0.781420765,0.218579235,6863,esl-pro-league-season-18
209,2366074,2023/09/01 16:00,gamerlegion,astralis,0,0.461995501,0.45454545454545453,0.5454545454545454,3.24,1.32,0.308641975,0.757575758,0.289473684,0.710526316,6863,esl-pro-league-season-18
210,2366075,2023/09/01 19:30,ninjas-in-pyjamas,furia,0,0.368659947,0.5363636363636364,0.4636363636363636,1.79,1.96,0.558659218,0.510204082,0.522666667,0.477333333,6863,esl-pro-league-season-18
211,2366076,2023/09/02 12:30,grayhound,orks,1,0.506048556,0.4818181818181818,0.5181818181818182,1.44,2.69,0.694444444,0.371747212,0.651331719,0.348668281,6863,esl-pro-league-season-18
212,2366077,2023/09/02 16:30,astralis,furia,1,0.535969048,0.5909090909090909,0.4090909090909091,1.43,2.68,0.699300699,0.373134328,0.652068127,0.347931873,6863,esl-pro-league-season-18
213,2366078,2023/09/02 19:30,gamerlegion,ninjas-in-pyjamas,1,0.612882417,0.44545454545454544,0.5545454545454546,2.4,1.54,0.416666667,0.649350649,0.390862944,0.609137056,6863,esl-pro-league-season-18
214,2366079,2023/09/03 12:30,grayhound,furia,0,0.318712577,0.33636363636363636,0.6636363636363637,5.52,1.13,0.18115942,0.884955752,0.169924812,0.830075188,6863,esl-pro-league-season-18
215,2366080,2023/09/03 16:00,movistar-riders,vitality,0,0.196862775,0.33636363636363636,0.6636363636363637,7.26,1.08,0.137741047,0.925925926,0.129496403,0.870503597,6863,esl-pro-league-season-18
216,2366081,2023/09/03 19:30,gamerlegion,furia,0,0.49003218,0.4090909090909091,0.5909090909090909,2.38,1.55,0.420168067,0.64516129,0.394402036,0.605597964,6863,esl-pro-league-season-18
217,2366082,2023/09/06 16:00,big,monte,1,0.389533934,0.4909090909090909,0.509090909090909,1.8,1.94,0.555555556,0.515463918,0.518716578,0.481283422,6863,esl-pro-league-season-18
218,2366083,2023/09/06 16:00,heroic,rooster,1,0.822664825,0.5454545454545454,0.45454545454545453,1.01,17.64,0.99009901,0.056689342,0.945844504,0.054155496,6863,esl-pro-league-season-18
219,2366084,2023/09/06 20:10,evil-geniuses,ence,0,0.035685647,0.39090909090909093,0.6090909090909091,8.48,1.06,0.117924528,0.943396226,0.111111111,0.888888889,6863,esl-pro-league-season-18
220,2366085,2023/09/06 19:30,mouz,mibr,0,0.839910613,0.7090909090909091,0.2909090909090909,1.2,4.26,0.833333333,0.234741784,0.78021978,0.21978022,6863,esl-pro-league-season-18
221,2366086,2023/09/07 12:30,rooster,monte,0,0.305713619,0.37272727272727274,0.6272727272727273,11.18,1.03,0.089445438,0.970873786,0.084357084,0.915642916,6863,esl-pro-league-season-18
222,2366087,2023/09/07 20:10,ence,mibr,1,0.771115205,0.6454545454545455,0.35454545454545455,1.13,5.42,0.884955752,0.184501845,0.827480916,0.172519084,6863,esl-pro-league-season-18
223,2366088,2023/09/07 16:15,heroic,big,0,0.753095648,0.6181818181818182,0.38181818181818183,1.21,4.21,0.826446281,0.237529691,0.776752768,0.223247232,6863,esl-pro-league-season-18
224,2366089,2023/09/07 19:30,evil-geniuses,mouz,0,0.051541425,0.4,0.6,5.38,1.13,0.884955752,0.185873606,0.826420891,0.173579109,6863,esl-pro-league-season-18
225,2366090,2023/09/08 16:00,monte,mibr,0,0.59697553,0.5727272727272728,0.42727272727272725,1.8,1.95,0.555555556,0.512820513,0.52,0.48,6863,esl-pro-league-season-18
226,2366091,2023/09/08 20:00,heroic,mouz,0,0.539136444,0.5181818181818182,0.4818181818181818,1.42,2.72,0.704225352,0.367647059,0.657004831,0.342995169,6863,esl-pro-league-season-18
227,2366092,2023/09/09 12:30,rooster,evil-geniuses,0,0.394738095,0.36363636363636365,0.6363636363636364,4.22,1.21,0.236966825,0.826446281,0.222836096,0.777163904,6863,esl-pro-league-season-18
228,2366093,2023/09/09 16:00,mibr,mouz,0,0.233928182,0.34545454545454546,0.6545454545454545,3.01,1.37,0.332225914,0.729927007,0.312785388,0.687214612,6863,esl-pro-league-season-18
229,2366094,2023/09/09 19:30,monte,heroic,1,0.255473268,0.36363636363636365,0.6363636363636364,3.39,1.3,0.294985251,0.769230769,0.277185501,0.722814499,6863,esl-pro-league-season-18
230,2366095,2023/09/10 12:30,evil-geniuses,mibr,0,0.167959581,0.42727272727272725,0.5727272727272728,2.62,1.46,0.381679389,0.684931507,0.357843137,0.642156863,6863,esl-pro-league-season-18
231,2366096,2023/09/10 17:30,big,ence,0,0.350846219,0.38181818181818183,0.6181818181818182,3.17,1.35,0.315457413,0.740740741,0.298672566,0.701327434,6863,esl-pro-league-season-18
232,2366097,2023/09/10 21:30,monte,mibr,1,0.587431928,0.5909090909090909,0.4090909090909091,1.81,1.93,0.552486188,0.518134715,0.516042781,0.483957219,6863,esl-pro-league-season-18
233,2366098,2023/09/13 16:00,natus-vincere,5yclone,1,0.884187031,0.6545454545454545,0.34545454545454546,1.1,6.51,0.909090909,0.153609831,0.855453351,0.144546649,6863,esl-pro-league-season-18
234,2366099,2023/09/13 16:00,apeks,m80,1,0.748277643,0.5181818181818182,0.4818181818181818,1.28,3.53,0.78125,0.283286119,0.733887734,0.266112266,6863,esl-pro-league-season-18
235,2366100,2023/09/13 19:30,faze,9z,1,0.629715048,0.6727272727272727,0.32727272727272727,1.13,5.57,0.884955752,0.179533214,0.831343283,0.168656717,6863,esl-pro-league-season-18
236,2366101,2023/09/13 19:30,imperial,fnatic,0,0.485594789,0.5,0.5,2.43,1.52,0.411522634,0.657894737,0.384810127,0.615189873,6863,esl-pro-league-season-18
237,2366102,2023/09/14 12:30,m80,5yclone,0,0.531257343,0.6545454545454545,0.34545454545454546,2.2,1.63,0.454545455,0.613496933,0.425587467,0.574412533,6863,esl-pro-league-season-18
238,2366103,2023/09/14 16:00,apeks,natus-vincere,0,0.208226849,0.4818181818181818,0.5181818181818182,3.0,1.36,0.333333333,0.735294118,0.311926605,0.688073395,6863,esl-pro-league-season-18
239,2366104,2023/09/14 19:30,faze,fnatic,1,0.706110719,0.5818181818181818,0.41818181818181815,1.29,3.46,0.775193798,0.289017341,0.728421053,0.271578947,6863,esl-pro-league-season-18
240,2366105,2023/09/14 19:30,9z,imperial,0,0.547219261,0.5181818181818182,0.4818181818181818,2.26,1.6,0.442477876,0.625,0.414507772,0.585492228,6863,esl-pro-league-season-18
241,2366106,2023/09/15 19:30,apeks,imperial,1,0.444865526,0.4727272727272727,0.5272727272727272,1.86,1.88,0.537634409,0.531914894,0.502673797,0.497326203,6863,esl-pro-league-season-18
242,2366107,2023/09/15 16:00,5yclone,fnatic,0,0.25011363,0.4,0.6,3.15,1.34,0.317460317,0.746268657,0.29844098,0.70155902,6863,esl-pro-league-season-18
243,2366108,2023/09/16 12:30,m80,9z,0,0.194249071,0.45454545454545453,0.5454545454545454,2.49,1.49,0.401606426,0.67114094,0.374371859,0.625628141,6863,esl-pro-league-season-18
244,2366109,2023/09/16 16:00,fnatic,apeks,1,0.556919599,0.43636363636363634,0.5636363636363636,1.55,2.39,0.64516129,0.418410042,0.606598985,0.393401015,6863,esl-pro-league-season-18
245,2366110,2023/09/16 19:45,5yclone,imperial,1,0.242791676,0.39090909090909093,0.6090909090909091,2.4,1.54,0.416666667,0.649350649,0.390862944,0.609137056,6863,esl-pro-league-season-18
246,2366111,2023/09/17 12:30,9z,apeks,1,0.537825225,0.4818181818181818,0.5181818181818182,3.14,1.34,0.318471338,0.746268657,0.299107143,0.700892857,6863,esl-pro-league-season-18
247,2366112,2023/09/17 16:00,natus-vincere,faze,1,0.537198239,0.5636363636363636,0.43636363636363634,1.89,1.87,0.529100529,0.534759358,0.497340426,0.502659574,6863,esl-pro-league-season-18
248,2366113,2023/09/17 19:30,5yclone,9z,0,0.358800012,0.37272727272727274,0.6272727272727273,2.09,1.7,0.4784689,0.588235294,0.448548813,0.551451187,6863,esl-pro-league-season-18
249,2366114,2023/09/20 16:00,liquid,virtuspro,0,0.345213243,0.38181818181818183,0.6181818181818182,2.6,1.47,0.384615385,0.680272109,0.361179361,0.638820639,6863,esl-pro-league-season-18
250,2366115,2023/09/20 16:00,g2,lynn-vision,1,0.525110038,0.5909090909090909,0.4090909090909091,1.07,7.61,0.934579439,0.131406045,0.87672811,0.12327189,6863,esl-pro-league-season-18
251,2366116,2023/09/20 21:00,complexity,9ine,1,0.531697336,0.5363636363636364,0.4636363636363636,2.27,1.6,0.440528634,0.625,0.413436692,0.586563308,6863,esl-pro-league-season-18
252,2366117,2023/09/20 19:30,cloud9,eternal-fire,1,0.597689209,0.5727272727272728,0.42727272727272725,1.34,3.14,0.746268657,0.318471338,0.700892857,0.299107143,6863,esl-pro-league-season-18
253,2366118,2023/09/21 19:30,virtuspro,g2,0,0.429953084,0.4727272727272727,0.5272727272727272,2.43,1.52,0.411522634,0.657894737,0.384810127,0.615189873,6863,esl-pro-league-season-18
254,2366119,2023/09/21 16:00,cloud9,complexity,0,0.806225631,0.6363636363636364,0.36363636363636365,1.23,3.96,0.81300813,0.252525253,0.76300578,0.23699422,6863,esl-pro-league-season-18
255,2366120,2023/09/21 19:30,eternal-fire,9ine,1,0.633545308,0.5363636363636364,0.4636363636363636,1.83,1.91,0.546448087,0.523560209,0.510695187,0.489304813,6863,esl-pro-league-season-18
256,2366121,2023/09/21 12:30,liquid,lynn-vision,1,0.692892437,0.5545454545454546,0.44545454545454544,1.27,3.6,0.787401575,0.277777778,0.739219712,0.260780288,6863,esl-pro-league-season-18
257,2366122,2023/09/22 16:00,eternal-fire,virtuspro,0,0.523833906,0.5181818181818182,0.4818181818181818,2.65,1.45,0.377358491,0.689655172,0.353658537,0.646341463,6863,esl-pro-league-season-18
258,2366123,2023/09/22 19:30,cloud9,liquid,0,0.718512603,0.5727272727272728,0.42727272727272725,1.48,2.57,0.675675676,0.389105058,0.634567902,0.365432098,6863,esl-pro-league-season-18
259,2366124,2023/09/23 12:30,lynn-vision,9ine,1,0.15294273,0.4,0.6,2.88,1.39,0.347222222,0.71942446,0.325526932,0.674473068,6863,esl-pro-league-season-18
260,2366125,2023/09/23 17:10,virtuspro,liquid,1,0.623223178,0.6545454545454545,0.34545454545454546,1.67,2.15,0.598802395,0.465116279,0.562827225,0.437172775,6863,esl-pro-league-season-18
261,2366126,2023/09/23 21:20,eternal-fire,cloud9,1,0.415263691,0.5272727272727272,0.4727272727272727,3.01,1.36,0.332225914,0.735294118,0.311212815,0.688787185,6863,esl-pro-league-season-18
262,2366127,2023/09/24 12:30,lynn-vision,liquid,0,0.468627043,0.35454545454545455,0.6454545454545455,4.27,1.21,0.234192037,0.826446281,0.220802919,0.779197081,6863,esl-pro-league-season-18
263,2366128,2023/09/24 16:00,complexity,g2,0,0.233602158,0.43636363636363634,0.5636363636363636,4.56,1.18,0.219298246,0.847457627,0.205574913,0.794425087,6863,esl-pro-league-season-18
264,2366129,2023/09/24 19:55,eternal-fire,liquid,1,0.642361937,0.6181818181818182,0.38181818181818183,2.21,1.62,0.452488688,0.617283951,0.422976501,0.577023499,6863,esl-pro-league-season-18
265,2366130,2023/09/26 15:30,fnatic,monte,0,0.344729905,0.43636363636363634,0.5636363636363636,1.69,2.1,0.591715976,0.476190476,0.55408971,0.44591029,6863,esl-pro-league-season-18
266,2366131,2023/09/26 15:30,astralis,eternal-fire,0,0.439596374,0.5909090909090909,0.4090909090909091,1.48,2.56,0.675675676,0.390625,0.633663366,0.366336634,6863,esl-pro-league-season-18
267,2366132,2023/09/26 19:30,virtuspro,9z,0,0.662838392,0.6272727272727273,0.37272727272727274,1.17,4.85,0.854700855,0.206185567,0.805647841,0.194352159,6863,esl-pro-league-season-18
268,2366133,2023/09/26 19:00,mouz,furia,1,0.767357129,0.6454545454545455,0.35454545454545455,1.57,2.33,0.636942675,0.429184549,0.597435898,0.402564102,6863,esl-pro-league-season-18
269,2366134,2023/09/27 19:50,complexity,monte,0,0.354844157,0.4909090909090909,0.509090909090909,1.7,2.08,0.588235294,0.480769231,0.55026455,0.44973545,6863,esl-pro-league-season-18
270,2366135,2023/09/27 15:30,big,eternal-fire,0,0.338243336,0.42727272727272725,0.5727272727272728,2.15,1.66,0.465116279,0.602409639,0.435695538,0.564304462,6863,esl-pro-league-season-18
271,2366136,2023/09/27 15:30,movistar-riders,9z,1,0.480998782,0.44545454545454544,0.5545454545454546,1.93,1.81,0.518134715,0.552486188,0.483957219,0.516042781,6863,esl-pro-league-season-18
272,2366137,2023/09/27 19:00,faze,mouz,0,0.392309994,0.36363636363636365,0.6363636363636364,1.66,2.16,0.602409639,0.462962963,0.565445026,0.434554974,6863,esl-pro-league-season-18
273,2366138,2023/09/28 15:45,vitality,monte,0,0.743168443,0.6909090909090909,0.3090909090909091,1.14,5.35,0.877192982,0.186915888,0.824345146,0.175654854,6863,esl-pro-league-season-18
274,2366139,2023/09/28 19:00,natus-vincere,eternal-fire,1,0.519543362,0.6272727272727273,0.37272727272727274,1.49,2.53,0.67114094,0.395256917,0.629353234,0.370646766,6863,esl-pro-league-season-18
275,2366140,2023/09/29 15:30,ence,movistar-riders,1,0.687690439,0.6909090909090909,0.3090909090909091,1.17,4.74,0.854700855,0.210970464,0.802030457,0.197969543,6863,esl-pro-league-season-18
276,2366141,2023/09/29 19:00,g2,mouz,0,0.410832614,0.509090909090909,0.4909090909090909,1.56,2.35,0.641025641,0.425531915,0.601023018,0.398976982,6863,esl-pro-league-season-18
277,2366142,2023/09/30 15:30,monte,natus-vincere,0,0.389702837,0.41818181818181815,0.5818181818181818,2.74,1.43,0.364963504,0.699300699,0.34292566,0.65707434,6863,esl-pro-league-season-18
278,2366143,2023/09/30 19:00,ence,mouz,0,0.404035214,0.4818181818181818,0.5181818181818182,1.73,2.05,0.578034682,0.487804878,0.542328042,0.457671958,6863,esl-pro-league-season-18
279,2366144,2023/10/01 16:00,natus-vincere,mouz,0,0.400731836,0.36363636363636365,0.6363636363636364,1.85,1.91,0.540540541,0.523560209,0.507978724,0.492021276,6863,esl-pro-league-season-18
280,2367122,2023/10/16 03:30,natus-vincere,apeks,0,0.638740662,0.5818181818181818,0.41818181818181815,2.38,1.58,0.420168067,0.632911392,0.398989899,0.601010101,6865,iem-sydney-2023
281,2367123,2023/10/16 03:30,mouz,vertex,0,0.916847234,0.5272727272727272,0.4727272727272727,1.23,4.15,0.81300813,0.240963855,0.771375465,0.228624535,6865,iem-sydney-2023
282,2367124,2023/10/16 04:30,vitality,betboom,0,0.83667389,0.6545454545454545,0.34545454545454546,1.41,2.9,0.709219858,0.344827586,0.672853828,0.327146172,6865,iem-sydney-2023
283,2367125,2023/10/16 04:45,faze,gamerlegion,0,0.677395704,0.5727272727272728,0.42727272727272725,1.41,2.87,0.709219858,0.348432056,0.670560747,0.329439253,6865,iem-sydney-2023
284,2367126,2023/10/16 05:55,ence,lynn-vision,0,0.825258013,0.6454545454545455,0.35454545454545455,1.33,3.32,0.751879699,0.301204819,0.713978495,0.286021505,6865,iem-sydney-2023
285,2367127,2023/10/16 06:20,fnatic,cloud9,1,0.236937208,0.44545454545454544,0.5545454545454546,2.28,1.6,0.438596491,0.625,0.412371134,0.587628866,6865,iem-sydney-2023
286,2367128,2023/10/16 07:45,monte,complexity,1,0.63235885,0.45454545454545453,0.5454545454545454,1.79,2.0,0.558659218,0.5,0.527704486,0.472295514,6865,iem-sydney-2023
287,2367129,2023/10/16 07:05,g2,grayhound,1,0.827829418,0.6909090909090909,0.3090909090909091,1.22,4.12,0.819672131,0.242718447,0.77153558,0.22846442,6865,iem-sydney-2023
288,2367244,2023/10/16 09:15,natus-vincere,mouz,0,0.330037126,0.2909090909090909,0.7090909090909091,4.36,1.21,0.229357798,0.826446281,0.217235188,0.782764812,6865,iem-sydney-2023
289,2367245,2023/10/16 10:30,betboom,gamerlegion,1,0.448561842,0.5636363636363636,0.43636363636363634,1.66,2.27,0.602409639,0.440528634,0.577608143,0.422391857,6865,iem-sydney-2023
290,2367246,2023/10/16 08:25,apeks,vertex,1,0.781113273,0.509090909090909,0.4909090909090909,1.27,3.65,0.787401575,0.273972603,0.741869919,0.258130081,6865,iem-sydney-2023
291,2367247,2023/10/16 12:25,vitality,faze,0,0.669830504,0.6636363636363637,0.33636363636363636,1.56,2.42,0.641025641,0.41322314,0.608040201,0.391959799,6865,iem-sydney-2023
292,2367248,2023/10/17 04:30,monte,grayhound,1,0.813423942,0.7272727272727273,0.2727272727272727,1.33,3.33,0.751879699,0.3003003,0.714592275,0.285407725,6865,iem-sydney-2023
293,2367249,2023/10/17 07:30,lynn-vision,cloud9,0,0.637921659,0.43636363636363634,0.5636363636363636,4.52,1.21,0.221238938,0.826446281,0.211169284,0.788830716,6865,iem-sydney-2023
294,2367250,2023/10/17 07:30,ence,fnatic,1,0.726437892,0.7181818181818181,0.2818181818181818,1.46,2.69,0.684931507,0.371747212,0.648192771,0.351807229,6865,iem-sydney-2023
295,2367251,2023/10/17 10:30,apeks,gamerlegion,0,0.552066368,0.5636363636363636,0.43636363636363634,1.94,1.84,0.515463918,0.543478261,0.486772487,0.513227513,6865,iem-sydney-2023
296,2367252,2023/10/17 04:30,complexity,g2,0,0.278529669,0.44545454545454544,0.5545454545454546,2.62,1.49,0.381679389,0.67114094,0.362530413,0.637469587,6865,iem-sydney-2023
297,2367253,2023/10/17 11:05,natus-vincere,faze,0,0.467676457,0.509090909090909,0.4909090909090909,4.04,1.23,0.247524752,0.81300813,0.233396584,0.766603416,6865,iem-sydney-2023
298,2367254,2023/10/18 04:30,complexity,cloud9,1,0.245247456,0.4909090909090909,0.509090909090909,2.47,1.54,0.4048583,0.649350649,0.384039901,0.615960099,6865,iem-sydney-2023
299,2367255,2023/10/18 04:30,monte,fnatic,1,0.709537657,0.6090909090909091,0.39090909090909093,1.98,1.82,0.505050505,0.549450549,0.478947369,0.521052631,6865,iem-sydney-2023
300,2367256,2023/10/18 07:30,gamerlegion,faze,0,0.349034013,0.45454545454545453,0.5454545454545454,2.81,1.43,0.355871886,0.699300699,0.337264151,0.662735849,6865,iem-sydney-2023
301,2367257,2023/10/18 07:30,mouz,betboom,1,0.559564946,0.5818181818181818,0.41818181818181815,1.7,2.13,0.588235294,0.469483568,0.55613577,0.44386423,6865,iem-sydney-2023
302,2367258,2023/10/18 11:05,g2,ence,1,0.505376486,0.5363636363636364,0.4636363636363636,1.7,2.13,0.588235294,0.469483568,0.55613577,0.44386423,6865,iem-sydney-2023
303,2367259,2023/10/18 10:45,monte,complexity,0,0.698906555,0.5363636363636364,0.4636363636363636,1.85,1.93,0.540540541,0.518134715,0.510582011,0.489417989,6865,iem-sydney-2023
304,2367260,2023/10/20 10:30,ence,faze,0,0.509875791,0.5727272727272728,0.42727272727272725,1.87,1.92,0.534759358,0.520833333,0.506596306,0.493403694,6865,iem-sydney-2023
305,2367261,2023/10/20 07:30,betboom,complexity,0,0.549929725,0.44545454545454544,0.5545454545454546,1.98,1.82,0.505050505,0.549450549,0.478947369,0.521052631,6865,iem-sydney-2023
306,2367262,2023/10/21 10:30,mouz,faze,0,0.513321428,0.5636363636363636,0.43636363636363634,2.4,1.57,0.416666667,0.636942675,0.395465995,0.604534005,6865,iem-sydney-2023
307,2367263,2023/10/21 07:30,g2,complexity,0,0.697151475,0.6454545454545455,0.35454545454545455,1.35,3.22,0.740740741,0.310559006,0.704595186,0.295404814,6865,iem-sydney-2023
308,2367264,2023/10/22 09:30,complexity,faze,0,0.34394116,0.4727272727272727,0.5272727272727272,2.68,1.46,0.373134328,0.684931507,0.352657005,0.647342995,6865,iem-sydney-2023
309,2368029,2023/11/22 11:00,faze,ninjas-in-pyjamas,1,0.877982514,0.6545454545454545,0.34545454545454546,1.18,4.54,0.847457627,0.220264317,0.793706294,0.206293706,6975,blast-premier-fall-final-2023
310,2368030,2023/11/22 13:10,cloud9,natus-vincere,1,0.737343448,0.5909090909090909,0.4090909090909091,1.65,2.15,0.606060606,0.465116279,0.565789474,0.434210526,6975,blast-premier-fall-final-2023
311,2368031,2023/11/22 16:35,vitality,heroic,1,0.476241122,0.5181818181818182,0.4818181818181818,1.36,2.98,0.735294118,0.33557047,0.686635945,0.313364055,6975,blast-premier-fall-final-2023
312,2368032,2023/11/22 18:45,complexity,astralis,1,0.511038282,0.5454545454545454,0.45454545454545453,1.97,1.78,0.507614213,0.561797753,0.474666666,0.525333334,6975,blast-premier-fall-final-2023
313,2368033,2023/11/23 11:00,ninjas-in-pyjamas,natus-vincere,0,0.355959365,0.43636363636363634,0.5636363636363636,2.99,1.37,0.334448161,0.729927007,0.314220184,0.685779816,6975,blast-premier-fall-final-2023
314,2368034,2023/11/23 13:30,faze,cloud9,1,0.567483177,0.6454545454545455,0.35454545454545455,1.49,2.53,0.67114094,0.395256917,0.629353234,0.370646766,6975,blast-premier-fall-final-2023
315,2368035,2023/11/23 17:15,heroic,astralis,1,0.795321556,0.5363636363636364,0.4636363636363636,2.39,1.54,0.418410042,0.649350649,0.391857507,0.608142493,6975,blast-premier-fall-final-2023
316,2368036,2023/11/23 19:50,vitality,complexity,1,0.756042547,0.5181818181818182,0.4818181818181818,1.45,2.67,0.689655172,0.374531835,0.648058252,0.351941748,6975,blast-premier-fall-final-2023
317,2368037,2023/11/24 16:30,cloud9,heroic,1,0.418120674,0.5272727272727272,0.4727272727272727,1.4,2.83,0.714285714,0.35335689,0.669030733,0.330969267,6975,blast-premier-fall-final-2023
318,2368038,2023/11/24 19:10,natus-vincere,complexity,0,0.478176445,0.44545454545454544,0.5545454545454546,1.93,1.84,0.518134715,0.543478261,0.48806366,0.51193634,6975,blast-premier-fall-final-2023
319,2368039,2023/11/25 16:30,vitality,cloud9,1,0.559066698,0.5363636363636364,0.4636363636363636,1.57,2.33,0.636942675,0.429184549,0.597435898,0.402564102,6975,blast-premier-fall-final-2023
320,2368040,2023/11/25 20:55,faze,complexity,1,0.771133874,0.6454545454545455,0.35454545454545455,1.33,3.18,0.751879699,0.314465409,0.705099778,0.294900222,6975,blast-premier-fall-final-2023
321,2368041,2023/11/26 18:00,vitality,faze,1,0.489984557,0.43636363636363634,0.5636363636363636,2.09,1.7,0.4784689,0.588235294,0.448548813,0.551451187,6975,blast-premier-fall-final-2023
322,2368496,2023/12/05 12:55,gamerlegion,cloud9,0,0.278633442,0.4636363636363636,0.5363636363636364,3.75,1.27,0.266666667,0.787401575,0.252988048,0.747011952,7499,betboom-dacha-2023
323,2368497,2023/12/05 16:25,mibr,betboom,1,0.44221651,0.5,0.5,1.82,1.96,0.549450549,0.510204082,0.518518518,0.481481482,7499,betboom-dacha-2023
324,2368498,2023/12/06 11:25,astralis,virtuspro,0,0.234988434,0.37272727272727274,0.6272727272727273,1.95,1.83,0.512820513,0.546448087,0.484126984,0.515873016,7499,betboom-dacha-2023
325,2368499,2023/12/06 16:10,furia,spirit,0,0.303339318,0.44545454545454544,0.5545454545454546,2.24,1.63,0.446428571,0.613496933,0.42118863,0.57881137,7499,betboom-dacha-2023
326,2368500,2023/12/06 19:50,gamerlegion,betboom,0,0.534687364,0.4090909090909091,0.5909090909090909,1.92,1.84,0.520833333,0.543478261,0.489361702,0.510638298,7499,betboom-dacha-2023
327,2368501,2023/12/07 15:00,cloud9,mibr,0,0.685700262,0.6,0.4,1.35,3.17,0.740740741,0.315457413,0.701327434,0.298672566,7499,betboom-dacha-2023
328,2368502,2023/12/08 11:55,betboom,cloud9,1,0.287950207,0.45454545454545453,0.5454545454545454,3.66,1.26,0.273224044,0.793650794,0.256097561,0.743902439,7499,betboom-dacha-2023
329,2368503,2023/12/07 10:55,virtuspro,spirit,1,0.374197771,0.41818181818181815,0.5818181818181818,1.88,1.87,0.531914894,0.534759358,0.498666667,0.501333333,7499,betboom-dacha-2023
330,2368504,2023/12/07 19:10,astralis,furia,0,0.331910462,0.4818181818181818,0.5181818181818182,1.75,2.03,0.571428571,0.492610837,0.537037037,0.462962963,7499,betboom-dacha-2023
331,2368505,2023/12/08 15:10,spirit,furia,1,0.691963812,0.7,0.3,1.54,2.39,0.649350649,0.418410042,0.608142493,0.391857507,7499,betboom-dacha-2023
332,2368506,2023/12/09 14:50,mibr,spirit,0,0.346047769,0.4,0.6,2.62,1.46,0.381679389,0.684931507,0.357843137,0.642156863,7499,betboom-dacha-2023
333,2368507,2023/12/09 11:55,betboom,virtuspro,0,0.392963167,0.4727272727272727,0.5272727272727272,2.96,1.37,0.337837838,0.729927007,0.316397229,0.683602771,7499,betboom-dacha-2023
334,2368508,2023/12/10 12:55,virtuspro,spirit,0,0.401691702,0.45454545454545453,0.5454545454545454,1.77,2.0,0.564971751,0.5,0.530503979,0.469496021,7499,betboom-dacha-2023
335,2368515,2023/12/13 08:00,cloud9,ence,1,0.548620027,0.5454545454545454,0.45454545454545453,1.51,2.47,0.662251656,0.4048583,0.620603015,0.379396985,6976,blast-premier-world-final-2023
336,2368516,2023/12/13 10:25,vitality,natus-vincere,1,0.821160031,0.6272727272727273,0.37272727272727274,1.36,3.05,0.735294118,0.327868852,0.691609978,0.308390022,6976,blast-premier-world-final-2023
337,2368517,2023/12/13 12:35,faze,heroic,1,0.442886712,0.6363636363636364,0.36363636363636365,1.21,4.18,0.826446281,0.23923445,0.775510204,0.224489796,6976,blast-premier-world-final-2023
338,2368518,2023/12/13 15:05,mouz,g2,0,0.47679646,0.4818181818181818,0.5181818181818182,2.13,1.68,0.469483568,0.595238095,0.440944882,0.559055118,6976,blast-premier-world-final-2023
339,2368519,2023/12/14 08:00,ence,natus-vincere,0,0.668363697,0.44545454545454544,0.5545454545454546,2.29,1.6,0.436681223,0.625,0.411311054,0.588688946,6976,blast-premier-world-final-2023
340,2368520,2023/12/14 11:05,cloud9,vitality,0,0.370963187,0.43636363636363634,0.5636363636363636,2.83,1.4,0.35335689,0.714285714,0.330969267,0.669030733,6976,blast-premier-world-final-2023
341,2368521,2023/12/14 13:30,heroic,mouz,0,0.73230969,0.5909090909090909,0.4090909090909091,2.73,1.43,0.366300366,0.699300699,0.34375,0.65625,6976,blast-premier-world-final-2023
342,2368522,2023/12/14 15:25,faze,g2,1,0.667506037,0.6909090909090909,0.3090909090909091,1.49,2.52,0.67114094,0.396825397,0.628428928,0.371571072,6976,blast-premier-world-final-2023
343,2368523,2023/12/15 11:00,cloud9,mouz,0,0.592465431,0.6272727272727273,0.37272727272727274,1.58,2.31,0.632911392,0.432900433,0.593830334,0.406169666,6976,blast-premier-world-final-2023
344,2368524,2023/12/15 13:05,natus-vincere,g2,1,0.375616317,0.4909090909090909,0.509090909090909,2.55,1.5,0.392156863,0.666666667,0.37037037,0.62962963,6976,blast-premier-world-final-2023
345,2368525,2023/12/16 13:30,faze,mouz,1,0.6626347,0.6727272727272727,0.32727272727272727,1.43,2.72,0.699300699,0.367647059,0.655421687,0.344578313,6976,blast-premier-world-final-2023
346,2368526,2023/12/16 16:30,vitality,natus-vincere,1,0.799807994,0.7090909090909091,0.2909090909090909,1.29,3.55,0.775193798,0.281690141,0.733471074,0.266528926,6976,blast-premier-world-final-2023
347,2368527,2023/12/17 16:00,faze,vitality,0,0.457815887,0.5909090909090909,0.4090909090909091,2.3,1.59,0.434782609,0.628930818,0.40874036,0.59125964,6976,blast-premier-world-final-2023
