match_id,url,datetime,team1_id,team2_id,team1,team2,t1_odds,t2_odds,t1_prob,t2_prob,t1_n_prob,t2_n_prob,t1_score,t2_score,winner_id,event_id,event_name
2368527,faze-vs-vitality-blast-premier-world-final-2023,2023/12/17 16:00,6667,9565,faze,vitality,2.3,1.59,0.434782609,0.628930818,0.40874036,0.59125964,0,2,9565,6976,blast-premier-world-final-2023
2368526,vitality-vs-natus-vincere-blast-premier-world-final-2023,2023/12/16 16:30,9565,4608,vitality,natus-vincere,1.29,3.55,0.775193798,0.281690141,0.733471074,0.266528926,2,0,9565,6976,blast-premier-world-final-2023
2368525,faze-vs-mouz-blast-premier-world-final-2023,2023/12/16 13:30,6667,4494,faze,mouz,1.43,2.72,0.699300699,0.367647059,0.655421687,0.344578313,2,0,6667,6976,blast-premier-world-final-2023
2368524,natus-vincere-vs-g2-blast-premier-world-final-2023,2023/12/15 13:05,4608,5995,natus-vincere,g2,2.55,1.5,0.392156863,0.666666667,0.37037037,0.62962963,2,1,4608,6976,blast-premier-world-final-2023
2368523,cloud9-vs-mouz-blast-premier-world-final-2023,2023/12/15 11:00,5752,4494,cloud9,mouz,1.58,2.31,0.632911392,0.432900433,0.593830334,0.406169666,0,2,4494,6976,blast-premier-world-final-2023
2368522,faze-vs-g2-blast-premier-world-final-2023,2023/12/14 15:25,6667,5995,faze,g2,1.49,2.52,0.67114094,0.396825397,0.628428928,0.371571072,2,1,6667,6976,blast-premier-world-final-2023
2368521,heroic-vs-mouz-blast-premier-world-final-2023,2023/12/14 13:30,7175,4494,heroic,mouz,2.73,1.43,0.366300366,0.699300699,0.34375,0.65625,0,2,4494,6976,blast-premier-world-final-2023
2368520,cloud9-vs-vitality-blast-premier-world-final-2023,2023/12/14 11:05,5752,9565,cloud9,vitality,2.83,1.4,0.35335689,0.714285714,0.330969267,0.669030733,0,2,9565,6976,blast-premier-world-final-2023
2368519,ence-vs-natus-vincere-blast-premier-world-final-2023,2023/12/14 08:00,4869,4608,ence,natus-vincere,2.29,1.6,0.436681223,0.625,0.411311054,0.588688946,1,2,4608,6976,blast-premier-world-final-2023
2368518,mouz-vs-g2-blast-premier-world-final-2023,2023/12/13 15:05,4494,5995,mouz,g2,2.13,1.68,0.469483568,0.595238095,0.440944882,0.559055118,0,2,5995,6976,blast-premier-world-final-2023
2368517,faze-vs-heroic-blast-premier-world-final-2023,2023/12/13 12:35,6667,7175,faze,heroic,1.21,4.18,0.826446281,0.23923445,0.775510204,0.224489796,2,0,6667,6976,blast-premier-world-final-2023
2368516,vitality-vs-natus-vincere-blast-premier-world-final-2023,2023/12/13 10:25,9565,4608,vitality,natus-vincere,1.36,3.05,0.735294118,0.327868852,0.691609978,0.308390022,2,0,9565,6976,blast-premier-world-final-2023
2368515,cloud9-vs-ence-blast-premier-world-final-2023,2023/12/13 08:00,5752,4869,cloud9,ence,1.51,2.47,0.662251656,0.4048583,0.620603015,0.379396985,2,0,5752,6976,blast-premier-world-final-2023
2368041,vitality-vs-faze-blast-premier-fall-final-2023,2023/11/26 18:00,9565,6667,vitality,faze,2.09,1.7,0.4784689,0.588235294,0.448548813,0.551451187,2,0,9565,6975,blast-premier-fall-final-2023
2368040,faze-vs-complexity-blast-premier-fall-final-2023,2023/11/25 20:55,6667,5005,faze,complexity,1.33,3.18,0.751879699,0.314465409,0.705099778,0.294900222,2,1,6667,6975,blast-premier-fall-final-2023
2368039,vitality-vs-cloud9-blast-premier-fall-final-2023,2023/11/25 16:30,9565,5752,vitality,cloud9,1.57,2.33,0.636942675,0.429184549,0.597435898,0.402564102,2,1,9565,6975,blast-premier-fall-final-2023
2368038,natus-vincere-vs-complexity-blast-premier-fall-final-2023,2023/11/24 19:10,4608,5005,natus-vincere,complexity,1.93,1.84,0.518134715,0.543478261,0.48806366,0.51193634,1,2,5005,6975,blast-premier-fall-final-2023
2368037,cloud9-vs-heroic-blast-premier-fall-final-2023,2023/11/24 16:30,5752,7175,cloud9,heroic,1.4,2.83,0.714285714,0.35335689,0.669030733,0.330969267,2,0,5752,6975,blast-premier-fall-final-2023
2368036,vitality-vs-complexity-blast-premier-fall-final-2023,2023/11/23 19:50,9565,5005,vitality,complexity,1.45,2.67,0.689655172,0.374531835,0.648058252,0.351941748,2,1,9565,6975,blast-premier-fall-final-2023
2368035,heroic-vs-astralis-blast-premier-fall-final-2023,2023/11/23 17:15,7175,6665,heroic,astralis,2.39,1.54,0.418410042,0.649350649,0.391857507,0.608142493,2,0,7175,6975,blast-premier-fall-final-2023
2368034,faze-vs-cloud9-blast-premier-fall-final-2023,2023/11/23 13:30,6667,5752,faze,cloud9,1.49,2.53,0.67114094,0.395256917,0.629353234,0.370646766,2,1,6667,6975,blast-premier-fall-final-2023
2368033,ninjas-in-pyjamas-vs-natus-vincere-blast-premier-fall-final-2023,2023/11/23 11:00,4411,4608,ninjas-in-pyjamas,natus-vincere,2.99,1.37,0.334448161,0.729927007,0.314220184,0.685779816,0,2,4608,6975,blast-premier-fall-final-2023
2368032,complexity-vs-astralis-blast-premier-fall-final-2023,2023/11/22 18:45,5005,6665,complexity,astralis,1.97,1.78,0.507614213,0.561797753,0.474666666,0.525333334,2,0,5005,6975,blast-premier-fall-final-2023
2368031,vitality-vs-heroic-blast-premier-fall-final-2023,2023/11/22 16:35,9565,7175,vitality,heroic,1.36,2.98,0.735294118,0.33557047,0.686635945,0.313364055,2,0,9565,6975,blast-premier-fall-final-2023
2368030,cloud9-vs-natus-vincere-blast-premier-fall-final-2023,2023/11/22 13:10,5752,4608,cloud9,natus-vincere,1.65,2.15,0.606060606,0.465116279,0.565789474,0.434210526,2,1,5752,6975,blast-premier-fall-final-2023
2368029,faze-vs-ninjas-in-pyjamas-blast-premier-fall-final-2023,2023/11/22 11:00,6667,4411,faze,ninjas-in-pyjamas,1.18,4.54,0.847457627,0.220264317,0.793706294,0.206293706,2,0,6667,6975,blast-premier-fall-final-2023
2365247,natus-vincere-vs-g2-blast-premier-fall-groups-2023,2023/07/23 17:40,4608,5995,natus-vincere,g2,2.07,1.7,0.483091787,0.588235294,0.450928382,0.549071618,2,0,4608,6973,blast-premier-fall-groups-2023
2365246,vitality-vs-big-blast-premier-fall-groups-2023,2023/07/23 15:00,9565,7532,vitality,big,1.11,6.17,0.900900901,0.162074554,0.847527473,0.152472527,2,0,9565,6973,blast-premier-fall-groups-2023
2365245,liquid-vs-astralis-blast-premier-fall-groups-2023,2023/07/22 19:20,5973,6665,liquid,astralis,1.67,2.17,0.598802395,0.460829493,0.565104167,0.434895833,0,2,6665,6973,blast-premier-fall-groups-2023
2365244,evil-geniuses-vs-g2-blast-premier-fall-groups-2023,2023/07/22 15:00,10399,5995,evil-geniuses,g2,8.2,1.06,0.12195122,0.943396226,0.114470843,0.885529157,1,2,5995,6973,blast-premier-fall-groups-2023
2365243,og-vs-big-blast-premier-fall-groups-2023,2023/07/21 17:30,10503,7532,og,big,2.01,1.75,0.497512438,0.571428571,0.465425532,0.534574468,1,2,7532,6973,blast-premier-fall-groups-2023
2365242,astralis-vs-complexity-blast-premier-fall-groups-2023,2023/07/21 15:00,6665,5005,astralis,complexity,1.59,2.27,0.628930818,0.440528634,0.588082902,0.411917098,2,0,6665,6973,blast-premier-fall-groups-2023
2365241,liquid-vs-faze-blast-premier-fall-groups-2023,2023/07/20 19:15,5973,6667,liquid,faze,2.51,1.53,0.398406375,0.653594771,0.378712872,0.621287128,0,2,6667,6973,blast-premier-fall-groups-2023
2365237,heroic-vs-natus-vincere-blast-premier-fall-groups-2023,2023/07/20 15:00,7175,4608,heroic,natus-vincere,1.3,3.35,0.769230769,0.298507463,0.720430107,0.279569893,2,1,7175,6973,blast-premier-fall-groups-2023
2365233,vitality-vs-ninjas-in-pyjamas-blast-premier-fall-groups-2023,2023/07/19 17:45,9565,4411,vitality,ninjas-in-pyjamas,1.12,6.9,0.892857143,0.144927536,0.860349127,0.139650873,0,2,4411,6973,blast-premier-fall-groups-2023
2365240,faze-vs-g2-blast-premier-fall-groups-2023,2023/07/19 15:00,6667,5995,faze,g2,2.07,1.71,0.483091787,0.584795322,0.452380952,0.547619048,2,0,6667,6973,blast-premier-fall-groups-2023
2365236,natus-vincere-vs-big-blast-premier-fall-groups-2023,2023/07/18 19:10,4608,7532,natus-vincere,big,1.31,3.27,0.763358779,0.305810398,0.713973799,0.286026201,2,0,4608,6973,blast-premier-fall-groups-2023
2365232,complexity-vs-ninjas-in-pyjamas-blast-premier-fall-groups-2023,2023/07/18 15:00,5005,4411,complexity,ninjas-in-pyjamas,2.23,1.62,0.448430493,0.617283951,0.42077922,0.57922078,1,2,4411,6973,blast-premier-fall-groups-2023
2365239,og-vs-g2-blast-premier-fall-groups-2023,2023/07/17 18:45,10503,5995,og,g2,4.12,1.22,0.242718447,0.819672131,0.22846442,0.77153558,0,2,5995,6973,blast-premier-fall-groups-2023
2365238,faze-vs-liquid-blast-premier-fall-groups-2023,2023/07/17 15:00,6667,5973,faze,liquid,1.46,2.61,0.684931507,0.383141762,0.641277642,0.358722358,1,2,5973,6973,blast-premier-fall-groups-2023
2365235,big-vs-astralis-blast-premier-fall-groups-2023,2023/07/16 17:40,7532,6665,big,astralis,2.98,1.39,0.33557047,0.71942446,0.318077803,0.681922197,2,1,7532,6973,blast-premier-fall-groups-2023
2365234,heroic-vs-natus-vincere-blast-premier-fall-groups-2023,2023/07/16 15:00,7175,4608,heroic,natus-vincere,1.4,2.87,0.714285714,0.348432056,0.672131147,0.327868853,2,0,7175,6973,blast-premier-fall-groups-2023
2365231,evil-geniuses-vs-ninjas-in-pyjamas-blast-premier-fall-groups-2023,2023/07/15 18:25,10399,4411,evil-geniuses,ninjas-in-pyjamas,4.54,1.18,0.220264317,0.847457627,0.206293706,0.793706294,0,2,4411,6973,blast-premier-fall-groups-2023
2365230,vitality-vs-complexity-blast-premier-fall-groups-2023,2023/07/15 16:15,9565,5005,vitality,complexity,1.15,5.12,0.869565217,0.1953125,0.816586922,0.183413078,2,0,9565,6973,blast-premier-fall-groups-2023
2365229,g2-vs-liquid-blast-premier-fall-groups-2023,2023/07/15 12:00,5995,5973,g2,liquid,1.33,3.19,0.751879699,0.313479624,0.705752212,0.294247788,1,2,5973,6973,blast-premier-fall-groups-2023
2365228,faze-vs-og-blast-premier-fall-groups-2023,2023/07/14 18:40,6667,10503,faze,og,1.18,4.6,0.847457627,0.217391304,0.795847751,0.204152249,2,0,6667,6973,blast-premier-fall-groups-2023
2365227,natus-vincere-vs-astralis-blast-premier-fall-groups-2023,2023/07/14 14:45,4608,6665,natus-vincere,astralis,1.51,2.55,0.662251656,0.392156863,0.628078818,0.371921182,2,1,4608,6973,blast-premier-fall-groups-2023
2365226,heroic-vs-big-blast-premier-fall-groups-2023,2023/07/14 12:00,7175,7532,heroic,big,1.11,6.12,0.900900901,0.163398693,0.846473029,0.153526971,2,0,7175,6973,blast-premier-fall-groups-2023
2365225,ninjas-in-pyjamas-vs-complexity-blast-premier-fall-groups-2023,2023/07/13 17:20,4411,5005,ninjas-in-pyjamas,complexity,1.48,2.58,0.675675676,0.387596899,0.635467981,0.364532019,1,2,5005,6973,blast-premier-fall-groups-2023
2365224,vitality-vs-evil-geniuses-blast-premier-fall-groups-2023,2023/07/13 15:00,9565,10399,vitality,evil-geniuses,1.08,7.38,0.925925926,0.135501355,0.872340426,0.127659574,2,0,9565,6973,blast-premier-fall-groups-2023
2364753,heroic-vs-vitality-blast-premier-spring-final-2023,2023/06/11 20:30,7175,9565,heroic,vitality,2.06,1.72,0.485436893,0.581395349,0.455026455,0.544973545,2,1,7175,6972,blast-premier-spring-final-2023
2364752,g2-vs-vitality-blast-premier-spring-final-2023,2023/06/11 00:00,5995,9565,g2,vitality,2.01,1.76,0.497512438,0.568181818,0.466843502,0.533156498,1,2,9565,6972,blast-premier-spring-final-2023
2364751,heroic-vs-imperial-blast-premier-spring-final-2023,2023/06/10 19:15,7175,9455,heroic,imperial,1.19,4.47,0.840336134,0.223713647,0.78975265,0.21024735,2,1,7175,6972,blast-premier-spring-final-2023
2364750,vitality-vs-faze-blast-premier-spring-final-2023,2023/06/09 21:55,9565,6667,vitality,faze,1.7,2.13,0.588235294,0.469483568,0.55613577,0.44386423,2,0,9565,6972,blast-premier-spring-final-2023
2364749,imperial-vs-complexity-blast-premier-spring-final-2023,2023/06/09 19:00,9455,5005,imperial,complexity,1.61,2.24,0.621118012,0.446428571,0.581818182,0.418181818,2,0,9455,6972,blast-premier-spring-final-2023
2364716,heroic-vs-faze-blast-premier-spring-final-2023,2023/06/09 03:40,7175,6667,heroic,faze,1.7,2.12,0.588235294,0.471698113,0.554973822,0.445026178,2,0,7175,6972,blast-premier-spring-final-2023
2364715,complexity-vs-astralis-blast-premier-spring-final-2023,2023/06/08 23:25,5005,6665,complexity,astralis,4.68,1.19,0.213675214,0.840336134,0.202725724,0.797274276,2,1,5005,6972,blast-premier-spring-final-2023
2364713,imperial-vs-g2-blast-premier-spring-final-2023,2023/06/08 19:05,9455,5995,imperial,g2,4.9,1.16,0.204081633,0.862068966,0.191419142,0.808580858,1,2,5995,6972,blast-premier-spring-final-2023
2364714,vitality-vs-cloud9-blast-premier-spring-final-2023,2023/06/08 16:00,9565,5752,vitality,cloud9,1.54,2.39,0.649350649,0.418410042,0.608142493,0.391857507,2,0,9565,6972,blast-premier-spring-final-2023
2364712,faze-vs-astralis-blast-premier-spring-final-2023,2023/06/07 23:55,6667,6665,faze,astralis,1.63,2.29,0.613496933,0.436681223,0.584183673,0.415816327,2,0,6667,6972,blast-premier-spring-final-2023
2364711,heroic-vs-complexity-blast-premier-spring-final-2023,2023/06/07 21:40,7175,5005,heroic,complexity,1.1,6.51,0.909090909,0.153609831,0.855453351,0.144546649,2,0,7175,6972,blast-premier-spring-final-2023
2364710,g2-vs-cloud9-blast-premier-spring-final-2023,2023/06/07 19:00,5995,5752,g2,cloud9,1.6,2.26,0.625,0.442477876,0.585492228,0.414507772,2,0,5995,6972,blast-premier-spring-final-2023
2364709,vitality-vs-imperial-blast-premier-spring-final-2023,2023/06/07 16:35,9565,9455,vitality,imperial,1.08,7.85,0.925925926,0.127388535,0.879059351,0.120940649,0,2,9455,6972,blast-premier-spring-final-2023
2368508,virtuspro-vs-spirit-betboom-dacha-2023,2023/12/10 12:55,5378,7020,virtuspro,spirit,1.77,2,0.564971751,0.5,0.530503979,0.469496021,2,3,7020,7499,betboom-dacha-2023
2368506,mibr-vs-spirit-betboom-dacha-2023,2023/12/09 14:50,9215,7020,mibr,spirit,2.62,1.46,0.381679389,0.684931507,0.357843137,0.642156863,0,2,7020,7499,betboom-dacha-2023
2368507,betboom-vs-virtuspro-betboom-dacha-2023,2023/12/09 11:55,12394,5378,betboom,virtuspro,2.96,1.37,0.337837838,0.729927007,0.316397229,0.683602771,0,2,5378,7499,betboom-dacha-2023
2368505,spirit-vs-furia-betboom-dacha-2023,2023/12/08 15:10,7020,8297,spirit,furia,1.54,2.39,0.649350649,0.418410042,0.608142493,0.391857507,2,0,7020,7499,betboom-dacha-2023
2368502,betboom-vs-cloud9-betboom-dacha-2023,2023/12/08 11:55,12394,5752,betboom,cloud9,3.66,1.26,0.273224044,0.793650794,0.256097561,0.743902439,2,0,12394,7499,betboom-dacha-2023
2368504,astralis-vs-furia-betboom-dacha-2023,2023/12/07 19:10,6665,8297,astralis,furia,1.75,2.03,0.571428571,0.492610837,0.537037037,0.462962963,0,2,8297,7499,betboom-dacha-2023
2368501,cloud9-vs-mibr-betboom-dacha-2023,2023/12/07 15:00,5752,9215,cloud9,mibr,1.35,3.17,0.740740741,0.315457413,0.701327434,0.298672566,1,2,9215,7499,betboom-dacha-2023
2368503,virtuspro-vs-spirit-betboom-dacha-2023,2023/12/07 10:55,5378,7020,virtuspro,spirit,1.88,1.87,0.531914894,0.534759358,0.498666667,0.501333333,2,0,5378,7499,betboom-dacha-2023
2368500,gamerlegion-vs-betboom-betboom-dacha-2023,2023/12/06 19:50,9928,12394,gamerlegion,betboom,1.92,1.84,0.520833333,0.543478261,0.489361702,0.510638298,0,2,12394,7499,betboom-dacha-2023
2368499,furia-vs-spirit-betboom-dacha-2023,2023/12/06 16:10,8297,7020,furia,spirit,2.24,1.63,0.446428571,0.613496933,0.42118863,0.57881137,0,2,7020,7499,betboom-dacha-2023
2368498,astralis-vs-virtuspro-betboom-dacha-2023,2023/12/06 11:25,6665,5378,astralis,virtuspro,1.95,1.83,0.512820513,0.546448087,0.484126984,0.515873016,1,2,5378,7499,betboom-dacha-2023
2368497,mibr-vs-betboom-betboom-dacha-2023,2023/12/05 16:25,9215,12394,mibr,betboom,1.82,1.96,0.549450549,0.510204082,0.518518518,0.481481482,2,0,9215,7499,betboom-dacha-2023
2368496,gamerlegion-vs-cloud9-betboom-dacha-2023,2023/12/05 12:55,9928,5752,gamerlegion,cloud9,3.75,1.27,0.266666667,0.787401575,0.252988048,0.747011952,0,2,5752,7499,betboom-dacha-2023
2367264,complexity-vs-faze-iem-sydney-2023,2023/10/22 09:30,5005,6667,complexity,faze,2.68,1.46,0.373134328,0.684931507,0.352657005,0.647342995,1,2,6667,6865,iem-sydney-2023
2367262,mouz-vs-faze-iem-sydney-2023,2023/10/21 10:30,4494,6667,mouz,faze,2.4,1.57,0.416666667,0.636942675,0.395465995,0.604534005,0,2,6667,6865,iem-sydney-2023
2367263,g2-vs-complexity-iem-sydney-2023,2023/10/21 07:30,5995,5005,g2,complexity,1.35,3.22,0.740740741,0.310559006,0.704595186,0.295404814,0,2,5005,6865,iem-sydney-2023
2367260,ence-vs-faze-iem-sydney-2023,2023/10/20 10:30,4869,6667,ence,faze,1.87,1.92,0.534759358,0.520833333,0.506596306,0.493403694,0,2,6667,6865,iem-sydney-2023
2367261,betboom-vs-complexity-iem-sydney-2023,2023/10/20 07:30,12394,5005,betboom,complexity,1.98,1.82,0.505050505,0.549450549,0.478947369,0.521052631,0,2,5005,6865,iem-sydney-2023
2367258,g2-vs-ence-iem-sydney-2023,2023/10/18 11:05,5995,4869,g2,ence,1.7,2.13,0.588235294,0.469483568,0.55613577,0.44386423,2,0,5995,6865,iem-sydney-2023
2367259,monte-vs-complexity-iem-sydney-2023,2023/10/18 10:45,11811,5005,monte,complexity,1.85,1.93,0.540540541,0.518134715,0.510582011,0.489417989,0,2,5005,6865,iem-sydney-2023
2367256,gamerlegion-vs-faze-iem-sydney-2023,2023/10/18 07:30,9928,6667,gamerlegion,faze,2.81,1.43,0.355871886,0.699300699,0.337264151,0.662735849,1,2,6667,6865,iem-sydney-2023
2367257,mouz-vs-betboom-iem-sydney-2023,2023/10/18 07:30,4494,12394,mouz,betboom,1.7,2.13,0.588235294,0.469483568,0.55613577,0.44386423,2,1,4494,6865,iem-sydney-2023
2367254,complexity-vs-cloud9-iem-sydney-2023,2023/10/18 04:30,5005,5752,complexity,cloud9,2.47,1.54,0.4048583,0.649350649,0.384039901,0.615960099,2,1,5005,6865,iem-sydney-2023
2367255,monte-vs-fnatic-iem-sydney-2023,2023/10/18 04:30,11811,4991,monte,fnatic,1.98,1.82,0.505050505,0.549450549,0.478947369,0.521052631,2,1,11811,6865,iem-sydney-2023
2367253,natus-vincere-vs-faze-iem-sydney-2023,2023/10/17 11:05,4608,6667,natus-vincere,faze,4.04,1.23,0.247524752,0.81300813,0.233396584,0.766603416,1,2,6667,6865,iem-sydney-2023
2367251,apeks-vs-gamerlegion-iem-sydney-2023,2023/10/17 10:30,9806,9928,apeks,gamerlegion,1.94,1.84,0.515463918,0.543478261,0.486772487,0.513227513,0,2,9928,6865,iem-sydney-2023
2367249,lynn-vision-vs-cloud9-iem-sydney-2023,2023/10/17 07:30,8840,5752,lynn-vision,cloud9,4.52,1.21,0.221238938,0.826446281,0.211169284,0.788830716,0,2,5752,6865,iem-sydney-2023
2367250,ence-vs-fnatic-iem-sydney-2023,2023/10/17 07:30,4869,4991,ence,fnatic,1.46,2.69,0.684931507,0.371747212,0.648192771,0.351807229,2,1,4869,6865,iem-sydney-2023
2367248,monte-vs-grayhound-iem-sydney-2023,2023/10/17 04:30,11811,8008,monte,grayhound,1.33,3.33,0.751879699,0.3003003,0.714592275,0.285407725,2,0,11811,6865,iem-sydney-2023
2367252,complexity-vs-g2-iem-sydney-2023,2023/10/17 04:30,5005,5995,complexity,g2,2.62,1.49,0.381679389,0.67114094,0.362530413,0.637469587,0,2,5995,6865,iem-sydney-2023
2367247,vitality-vs-faze-iem-sydney-2023,2023/10/16 12:25,9565,6667,vitality,faze,1.56,2.42,0.641025641,0.41322314,0.608040201,0.391959799,1,2,6667,6865,iem-sydney-2023
2367245,betboom-vs-gamerlegion-iem-sydney-2023,2023/10/16 10:30,12394,9928,betboom,gamerlegion,1.66,2.27,0.602409639,0.440528634,0.577608143,0.422391857,2,0,12394,6865,iem-sydney-2023
2367244,natus-vincere-vs-mouz-iem-sydney-2023,2023/10/16 09:15,4608,4494,natus-vincere,mouz,4.36,1.21,0.229357798,0.826446281,0.217235188,0.782764812,1,2,4494,6865,iem-sydney-2023
2367246,apeks-vs-vertex-iem-sydney-2023,2023/10/16 08:25,9806,10672,apeks,vertex,1.27,3.65,0.787401575,0.273972603,0.741869919,0.258130081,2,0,9806,6865,iem-sydney-2023
2367128,monte-vs-complexity-iem-sydney-2023,2023/10/16 07:45,11811,5005,monte,complexity,1.79,2,0.558659218,0.5,0.527704486,0.472295514,9,13,11811,6865,iem-sydney-2023
2367129,g2-vs-grayhound-iem-sydney-2023,2023/10/16 07:05,5995,8008,g2,grayhound,1.22,4.12,0.819672131,0.242718447,0.77153558,0.22846442,13,11,5995,6865,iem-sydney-2023
2367127,fnatic-vs-cloud9-iem-sydney-2023,2023/10/16 06:20,4991,5752,fnatic,cloud9,2.28,1.6,0.438596491,0.625,0.412371134,0.587628866,13,10,4991,6865,iem-sydney-2023
2367126,ence-vs-lynn-vision-iem-sydney-2023,2023/10/16 05:55,4869,8840,ence,lynn-vision,1.33,3.32,0.751879699,0.301204819,0.713978495,0.286021505,13,6,8840,6865,iem-sydney-2023
2367125,faze-vs-gamerlegion-iem-sydney-2023,2023/10/16 04:45,6667,9928,faze,gamerlegion,1.41,2.87,0.709219858,0.348432056,0.670560747,0.329439253,15,19,9928,6865,iem-sydney-2023
2367124,vitality-vs-betboom-iem-sydney-2023,2023/10/16 04:30,9565,12394,vitality,betboom,1.41,2.9,0.709219858,0.344827586,0.672853828,0.327146172,14,16,12394,6865,iem-sydney-2023
2367122,natus-vincere-vs-apeks-iem-sydney-2023,2023/10/16 03:30,4608,9806,natus-vincere,apeks,2.38,1.58,0.420168067,0.632911392,0.398989899,0.601010101,13,9,9806,6865,iem-sydney-2023
2367123,mouz-vs-vertex-iem-sydney-2023,2023/10/16 03:30,4494,10672,mouz,vertex,1.23,4.15,0.81300813,0.240963855,0.771375465,0.228624535,13,2,10672,6865,iem-sydney-2023
2366144,natus-vincere-vs-mouz-esl-pro-league-season-18,2023/10/01 16:00,4608,4494,natus-vincere,mouz,1.85,1.91,0.540540541,0.523560209,0.507978724,0.492021276,0,3,4494,6863,esl-pro-league-season-18
2366143,ence-vs-mouz-esl-pro-league-season-18,2023/09/30 19:00,4869,4494,ence,mouz,1.73,2.05,0.578034682,0.487804878,0.542328042,0.457671958,1,2,4494,6863,esl-pro-league-season-18
2366142,monte-vs-natus-vincere-esl-pro-league-season-18,2023/09/30 15:30,11811,4608,monte,natus-vincere,2.74,1.43,0.364963504,0.699300699,0.34292566,0.65707434,0,2,4608,6863,esl-pro-league-season-18
2366141,g2-vs-mouz-esl-pro-league-season-18,2023/09/29 19:00,5995,4494,g2,mouz,1.56,2.35,0.641025641,0.425531915,0.601023018,0.398976982,1,2,4494,6863,esl-pro-league-season-18
2366140,ence-vs-movistar-riders-esl-pro-league-season-18,2023/09/29 15:30,4869,7718,ence,movistar-riders,1.17,4.74,0.854700855,0.210970464,0.802030457,0.197969543,2,0,4869,6863,esl-pro-league-season-18
2366139,natus-vincere-vs-eternal-fire-esl-pro-league-season-18,2023/09/28 19:00,4608,11251,natus-vincere,eternal-fire,1.49,2.53,0.67114094,0.395256917,0.629353234,0.370646766,2,0,4608,6863,esl-pro-league-season-18
2366138,vitality-vs-monte-esl-pro-league-season-18,2023/09/28 15:45,9565,11811,vitality,monte,1.14,5.35,0.877192982,0.186915888,0.824345146,0.175654854,0,2,11811,6863,esl-pro-league-season-18
2366134,complexity-vs-monte-esl-pro-league-season-18,2023/09/27 19:50,5005,11811,complexity,monte,1.7,2.08,0.588235294,0.480769231,0.55026455,0.44973545,1,2,11811,6863,esl-pro-league-season-18
2366137,faze-vs-mouz-esl-pro-league-season-18,2023/09/27 19:00,6667,4494,faze,mouz,1.66,2.16,0.602409639,0.462962963,0.565445026,0.434554974,0,2,4494,6863,esl-pro-league-season-18
2366135,big-vs-eternal-fire-esl-pro-league-season-18,2023/09/27 15:30,7532,11251,big,eternal-fire,2.15,1.66,0.465116279,0.602409639,0.435695538,0.564304462,0,2,11251,6863,esl-pro-league-season-18
2366136,movistar-riders-vs-9z-esl-pro-league-season-18,2023/09/27 15:30,7718,9996,movistar-riders,9z,1.93,1.81,0.518134715,0.552486188,0.483957219,0.516042781,2,1,7718,6863,esl-pro-league-season-18
2366132,virtuspro-vs-9z-esl-pro-league-season-18,2023/09/26 19:30,5378,9996,virtuspro,9z,1.17,4.85,0.854700855,0.206185567,0.805647841,0.194352159,1,2,9996,6863,esl-pro-league-season-18
2366133,mouz-vs-furia-esl-pro-league-season-18,2023/09/26 19:00,4494,8297,mouz,furia,1.57,2.33,0.636942675,0.429184549,0.597435898,0.402564102,2,0,4494,6863,esl-pro-league-season-18
2366130,fnatic-vs-monte-esl-pro-league-season-18,2023/09/26 15:30,4991,11811,fnatic,monte,1.69,2.1,0.591715976,0.476190476,0.55408971,0.44591029,1,2,11811,6863,esl-pro-league-season-18
2366131,astralis-vs-eternal-fire-esl-pro-league-season-18,2023/09/26 15:30,6665,11251,astralis,eternal-fire,1.48,2.56,0.675675676,0.390625,0.633663366,0.366336634,0,2,11251,6863,esl-pro-league-season-18
2366129,eternal-fire-vs-liquid-esl-pro-league-season-18,2023/09/24 19:55,11251,5973,eternal-fire,liquid,2.21,1.62,0.452488688,0.617283951,0.422976501,0.577023499,2,0,11251,6863,esl-pro-league-season-18
2366128,complexity-vs-g2-esl-pro-league-season-18,2023/09/24 16:00,5005,5995,complexity,g2,4.56,1.18,0.219298246,0.847457627,0.205574913,0.794425087,1,2,5995,6863,esl-pro-league-season-18
2366127,lynn-vision-vs-liquid-esl-pro-league-season-18,2023/09/24 12:30,8840,5973,lynn-vision,liquid,4.27,1.21,0.234192037,0.826446281,0.220802919,0.779197081,0,2,5973,6863,esl-pro-league-season-18
2366126,eternal-fire-vs-cloud9-esl-pro-league-season-18,2023/09/23 21:20,11251,5752,eternal-fire,cloud9,3.01,1.36,0.332225914,0.735294118,0.311212815,0.688787185,2,0,11251,6863,esl-pro-league-season-18
2366125,virtuspro-vs-liquid-esl-pro-league-season-18,2023/09/23 17:10,5378,5973,virtuspro,liquid,1.67,2.15,0.598802395,0.465116279,0.562827225,0.437172775,2,1,5378,6863,esl-pro-league-season-18
2366124,lynn-vision-vs-9ine-esl-pro-league-season-18,2023/09/23 12:30,8840,10278,lynn-vision,9ine,2.88,1.39,0.347222222,0.71942446,0.325526932,0.674473068,2,1,8840,6863,esl-pro-league-season-18
2366123,cloud9-vs-liquid-esl-pro-league-season-18,2023/09/22 19:30,5752,5973,cloud9,liquid,1.48,2.57,0.675675676,0.389105058,0.634567902,0.365432098,1,2,5973,6863,esl-pro-league-season-18
2366122,eternal-fire-vs-virtuspro-esl-pro-league-season-18,2023/09/22 16:00,11251,5378,eternal-fire,virtuspro,2.65,1.45,0.377358491,0.689655172,0.353658537,0.646341463,0,2,5378,6863,esl-pro-league-season-18
2366118,virtuspro-vs-g2-esl-pro-league-season-18,2023/09/21 19:30,5378,5995,virtuspro,g2,2.43,1.52,0.411522634,0.657894737,0.384810127,0.615189873,1,2,5995,6863,esl-pro-league-season-18
2366120,eternal-fire-vs-9ine-esl-pro-league-season-18,2023/09/21 19:30,11251,10278,eternal-fire,9ine,1.83,1.91,0.546448087,0.523560209,0.510695187,0.489304813,2,0,11251,6863,esl-pro-league-season-18
2366119,cloud9-vs-complexity-esl-pro-league-season-18,2023/09/21 16:00,5752,5005,cloud9,complexity,1.23,3.96,0.81300813,0.252525253,0.76300578,0.23699422,0,2,5005,6863,esl-pro-league-season-18
2366121,liquid-vs-lynn-vision-esl-pro-league-season-18,2023/09/21 12:30,5973,8840,liquid,lynn-vision,1.27,3.6,0.787401575,0.277777778,0.739219712,0.260780288,2,0,5973,6863,esl-pro-league-season-18
2366116,complexity-vs-9ine-esl-pro-league-season-18,2023/09/20 21:00,5005,10278,complexity,9ine,2.27,1.6,0.440528634,0.625,0.413436692,0.586563308,2,1,5005,6863,esl-pro-league-season-18
2366117,cloud9-vs-eternal-fire-esl-pro-league-season-18,2023/09/20 19:30,5752,11251,cloud9,eternal-fire,1.34,3.14,0.746268657,0.318471338,0.700892857,0.299107143,2,0,5752,6863,esl-pro-league-season-18
2366114,liquid-vs-virtuspro-esl-pro-league-season-18,2023/09/20 16:00,5973,5378,liquid,virtuspro,2.6,1.47,0.384615385,0.680272109,0.361179361,0.638820639,1,2,5378,6863,esl-pro-league-season-18
2366115,g2-vs-lynn-vision-esl-pro-league-season-18,2023/09/20 16:00,5995,8840,g2,lynn-vision,1.07,7.61,0.934579439,0.131406045,0.87672811,0.12327189,2,0,5995,6863,esl-pro-league-season-18
2366113,5yclone-vs-9z-esl-pro-league-season-18,2023/09/17 19:30,12396,9996,5yclone,9z,2.09,1.7,0.4784689,0.588235294,0.448548813,0.551451187,1,2,9996,6863,esl-pro-league-season-18
2366112,natus-vincere-vs-faze-esl-pro-league-season-18,2023/09/17 16:00,4608,6667,natus-vincere,faze,1.89,1.87,0.529100529,0.534759358,0.497340426,0.502659574,2,0,4608,6863,esl-pro-league-season-18
2366111,9z-vs-apeks-esl-pro-league-season-18,2023/09/17 12:30,9996,9806,9z,apeks,3.14,1.34,0.318471338,0.746268657,0.299107143,0.700892857,2,0,9996,6863,esl-pro-league-season-18
2366110,5yclone-vs-imperial-esl-pro-league-season-18,2023/09/16 19:45,12396,9455,5yclone,imperial,2.4,1.54,0.416666667,0.649350649,0.390862944,0.609137056,2,1,12396,6863,esl-pro-league-season-18
2366109,fnatic-vs-apeks-esl-pro-league-season-18,2023/09/16 16:00,4991,9806,fnatic,apeks,1.55,2.39,0.64516129,0.418410042,0.606598985,0.393401015,2,1,4991,6863,esl-pro-league-season-18
2366108,m80-vs-9z-esl-pro-league-season-18,2023/09/16 12:30,12376,9996,m80,9z,2.49,1.49,0.401606426,0.67114094,0.374371859,0.625628141,0,2,9996,6863,esl-pro-league-season-18
2366106,apeks-vs-imperial-esl-pro-league-season-18,2023/09/15 19:30,9806,9455,apeks,imperial,1.86,1.88,0.537634409,0.531914894,0.502673797,0.497326203,2,0,9806,6863,esl-pro-league-season-18
2366107,5yclone-vs-fnatic-esl-pro-league-season-18,2023/09/15 16:00,12396,4991,5yclone,fnatic,3.15,1.34,0.317460317,0.746268657,0.29844098,0.70155902,0,2,4991,6863,esl-pro-league-season-18
2366104,faze-vs-fnatic-esl-pro-league-season-18,2023/09/14 19:30,6667,4991,faze,fnatic,1.29,3.46,0.775193798,0.289017341,0.728421053,0.271578947,2,1,6667,6863,esl-pro-league-season-18
2366105,9z-vs-imperial-esl-pro-league-season-18,2023/09/14 19:30,9996,9455,9z,imperial,2.26,1.6,0.442477876,0.625,0.414507772,0.585492228,0,2,9455,6863,esl-pro-league-season-18
2366103,apeks-vs-natus-vincere-esl-pro-league-season-18,2023/09/14 16:00,9806,4608,apeks,natus-vincere,3,1.36,0.333333333,0.735294118,0.311926605,0.688073395,0,2,4608,6863,esl-pro-league-season-18
2366102,m80-vs-5yclone-esl-pro-league-season-18,2023/09/14 12:30,12376,12396,m80,5yclone,2.2,1.63,0.454545455,0.613496933,0.425587467,0.574412533,0,2,12396,6863,esl-pro-league-season-18
2366100,faze-vs-9z-esl-pro-league-season-18,2023/09/13 19:30,6667,9996,faze,9z,1.13,5.57,0.884955752,0.179533214,0.831343283,0.168656717,2,0,6667,6863,esl-pro-league-season-18
2366101,imperial-vs-fnatic-esl-pro-league-season-18,2023/09/13 19:30,9455,4991,imperial,fnatic,2.43,1.52,0.411522634,0.657894737,0.384810127,0.615189873,1,2,4991,6863,esl-pro-league-season-18
2366098,natus-vincere-vs-5yclone-esl-pro-league-season-18,2023/09/13 16:00,4608,12396,natus-vincere,5yclone,1.1,6.51,0.909090909,0.153609831,0.855453351,0.144546649,2,0,4608,6863,esl-pro-league-season-18
2366099,apeks-vs-m80-esl-pro-league-season-18,2023/09/13 16:00,9806,12376,apeks,m80,1.28,3.53,0.78125,0.283286119,0.733887734,0.266112266,2,0,9806,6863,esl-pro-league-season-18
2366097,monte-vs-mibr-esl-pro-league-season-18,2023/09/10 21:30,11811,9215,monte,mibr,1.81,1.93,0.552486188,0.518134715,0.516042781,0.483957219,2,0,11811,6863,esl-pro-league-season-18
2366096,big-vs-ence-esl-pro-league-season-18,2023/09/10 17:30,7532,4869,big,ence,3.17,1.35,0.315457413,0.740740741,0.298672566,0.701327434,1,2,4869,6863,esl-pro-league-season-18
2366095,evil-geniuses-vs-mibr-esl-pro-league-season-18,2023/09/10 12:30,10399,9215,evil-geniuses,mibr,2.62,1.46,0.381679389,0.684931507,0.357843137,0.642156863,1,2,9215,6863,esl-pro-league-season-18
2366094,monte-vs-heroic-esl-pro-league-season-18,2023/09/09 19:30,11811,7175,monte,heroic,3.39,1.3,0.294985251,0.769230769,0.277185501,0.722814499,2,1,11811,6863,esl-pro-league-season-18
2366093,mibr-vs-mouz-esl-pro-league-season-18,2023/09/09 16:00,9215,4494,mibr,mouz,3.01,1.37,0.332225914,0.729927007,0.312785388,0.687214612,0,2,4494,6863,esl-pro-league-season-18
2366092,rooster-vs-evil-geniuses-esl-pro-league-season-18,2023/09/09 12:30,9881,10399,rooster,evil-geniuses,4.22,1.21,0.236966825,0.826446281,0.222836096,0.777163904,0,2,10399,6863,esl-pro-league-season-18
2366091,heroic-vs-mouz-esl-pro-league-season-18,2023/09/08 20:00,7175,4494,heroic,mouz,1.42,2.72,0.704225352,0.367647059,0.657004831,0.342995169,0,2,4494,6863,esl-pro-league-season-18
2366090,monte-vs-mibr-esl-pro-league-season-18,2023/09/08 16:00,11811,9215,monte,mibr,1.8,1.95,0.555555556,0.512820513,0.52,0.48,1,2,9215,6863,esl-pro-league-season-18
2366087,ence-vs-mibr-esl-pro-league-season-18,2023/09/07 20:10,4869,9215,ence,mibr,1.13,5.42,0.884955752,0.184501845,0.827480916,0.172519084,2,1,4869,6863,esl-pro-league-season-18
2366089,evil-geniuses-vs-mouz-esl-pro-league-season-18,2023/09/07 19:30,10399,4494,evil-geniuses,mouz,5.38,1.13,0.884955752,0.185873606,0.826420891,0.173579109,0,2,4494,6863,esl-pro-league-season-18
2366088,heroic-vs-big-esl-pro-league-season-18,2023/09/07 16:15,7175,7532,heroic,big,1.21,4.21,0.826446281,0.237529691,0.776752768,0.223247232,0,2,7532,6863,esl-pro-league-season-18
2366086,rooster-vs-monte-esl-pro-league-season-18,2023/09/07 12:30,9881,11811,rooster,monte,11.18,1.03,0.089445438,0.970873786,0.084357084,0.915642916,1,2,11811,6863,esl-pro-league-season-18
2366084,evil-geniuses-vs-ence-esl-pro-league-season-18,2023/09/06 20:10,10399,4869,evil-geniuses,ence,8.48,1.06,0.117924528,0.943396226,0.111111111,0.888888889,0,2,4869,6863,esl-pro-league-season-18
2366085,mouz-vs-mibr-esl-pro-league-season-18,2023/09/06 19:30,4494,9215,mouz,mibr,1.2,4.26,0.833333333,0.234741784,0.78021978,0.21978022,1,2,9215,6863,esl-pro-league-season-18
2366082,big-vs-monte-esl-pro-league-season-18,2023/09/06 16:00,7532,11811,big,monte,1.8,1.94,0.555555556,0.515463918,0.518716578,0.481283422,2,1,7532,6863,esl-pro-league-season-18
2366083,heroic-vs-rooster-esl-pro-league-season-18,2023/09/06 16:00,7175,9881,heroic,rooster,1.01,17.64,0.99009901,0.056689342,0.945844504,0.054155496,2,0,7175,6863,esl-pro-league-season-18
2366081,gamerlegion-vs-furia-esl-pro-league-season-18,2023/09/03 19:30,9928,8297,gamerlegion,furia,2.38,1.55,0.420168067,0.64516129,0.394402036,0.605597964,0,2,8297,6863,esl-pro-league-season-18
2366080,movistar-riders-vs-vitality-esl-pro-league-season-18,2023/09/03 16:00,7718,9565,movistar-riders,vitality,7.26,1.08,0.137741047,0.925925926,0.129496403,0.870503597,0,2,9565,6863,esl-pro-league-season-18
2366079,grayhound-vs-furia-esl-pro-league-season-18,2023/09/03 12:30,8008,8297,grayhound,furia,5.52,1.13,0.18115942,0.884955752,0.169924812,0.830075188,0,2,8297,6863,esl-pro-league-season-18
2366078,gamerlegion-vs-ninjas-in-pyjamas-esl-pro-league-season-18,2023/09/02 19:30,9928,4411,gamerlegion,ninjas-in-pyjamas,2.4,1.54,0.416666667,0.649350649,0.390862944,0.609137056,2,1,9928,6863,esl-pro-league-season-18
2366077,astralis-vs-furia-esl-pro-league-season-18,2023/09/02 16:30,6665,8297,astralis,furia,1.43,2.68,0.699300699,0.373134328,0.652068127,0.347931873,2,0,6665,6863,esl-pro-league-season-18
2366076,grayhound-vs-orks-esl-pro-league-season-18,2023/09/02 12:30,8008,12371,grayhound,orks,1.44,2.69,0.694444444,0.371747212,0.651331719,0.348668281,2,1,8008,6863,esl-pro-league-season-18
2366075,ninjas-in-pyjamas-vs-furia-esl-pro-league-season-18,2023/09/01 19:30,4411,8297,ninjas-in-pyjamas,furia,1.79,1.96,0.558659218,0.510204082,0.522666667,0.477333333,0,2,8297,6863,esl-pro-league-season-18
2366074,gamerlegion-vs-astralis-esl-pro-league-season-18,2023/09/01 16:00,9928,6665,gamerlegion,astralis,3.24,1.32,0.308641975,0.757575758,0.289473684,0.710526316,0,2,6665,6863,esl-pro-league-season-18
2366071,orks-vs-astralis-esl-pro-league-season-18,2023/08/31 19:45,12371,6665,orks,astralis,10.09,1.04,0.099108028,0.961538462,0.09344115,0.90655885,0,2,6665,6863,esl-pro-league-season-18
2366073,vitality-vs-ninjas-in-pyjamas-esl-pro-league-season-18,2023/08/31 19:30,9565,4411,vitality,ninjas-in-pyjamas,1.2,4.29,0.833333333,0.233100233,0.781420765,0.218579235,2,0,9565,6863,esl-pro-league-season-18
2366072,movistar-riders-vs-gamerlegion-esl-pro-league-season-18,2023/08/31 16:00,7718,9928,movistar-riders,gamerlegion,2.25,1.61,0.444444444,0.621118012,0.417098446,0.582901554,2,0,7718,6863,esl-pro-league-season-18
2366070,furia-vs-grayhound-esl-pro-league-season-18,2023/08/31 12:30,8297,8008,furia,grayhound,1.22,4.05,0.819672131,0.24691358,0.768500949,0.231499051,2,0,8297,6863,esl-pro-league-season-18
2366068,astralis-vs-ninjas-in-pyjamas-esl-pro-league-season-18,2023/08/30 19:45,6665,4411,astralis,ninjas-in-pyjamas,1.38,2.92,0.724637681,0.342465753,0.679069768,0.320930232,0,2,4411,6863,esl-pro-league-season-18
2366069,vitality-vs-orks-esl-pro-league-season-18,2023/08/30 19:30,9565,12371,vitality,orks,1.04,10.41,0.961538462,0.096061479,0.909170306,0.090829694,2,0,9565,6863,esl-pro-league-season-18
2366066,furia-vs-movistar-riders-esl-pro-league-season-18,2023/08/30 16:00,8297,7718,furia,movistar-riders,1.34,3.1,0.746268657,0.322580645,0.698198198,0.301801802,0,2,7718,6863,esl-pro-league-season-18
2366067,grayhound-vs-gamerlegion-esl-pro-league-season-18,2023/08/30 16:00,8008,9928,grayhound,gamerlegion,3.17,1.33,0.315457413,0.751879699,0.295555555,0.704444445,0,2,9928,6863,esl-pro-league-season-18
2365799,ence-vs-vitality-gamers8-2023,2023/08/20 19:00,4869,9565,ence,vitality,2.05,1.71,0.487804878,0.584795322,0.454787,0.545213,1,2,9565,7128,gamers8-2023
2365798,vitality-vs-g2-gamers8-2023,2023/08/19 20:10,9565,5995,vitality,g2,1.73,2.02,0.578034682,0.495049505,0.538667,0.461333,2,1,9565,7128,gamers8-2023
2365797,heroic-vs-ence-gamers8-2023,2023/08/19 16:30,7175,4869,heroic,ence,1.76,1.98,0.568181818,0.505050505,0.529412,0.470588,0,2,4869,7128,gamers8-2023
2365796,g2-vs-virtuspro-gamers8-2023,2023/08/18 20:20,5995,5378,g2,virtuspro,1.47,2.55,0.680272109,0.392156863,0.634328,0.365672,2,1,5995,7128,gamers8-2023
2365795,cloud9-vs-ence-gamers8-2023,2023/08/18 17:10,5752,4869,cloud9,ence,1.73,2.02,0.578034682,0.495049505,0.538667,0.461333,0,2,4869,7128,gamers8-2023
2365794,gamerlegion-vs-heroic-gamers8-2023,2023/08/18 13:00,9928,7175,gamerlegion,heroic,4.23,1.2,0.236406619,0.833333333,0.220994,0.779006,1,2,7175,7128,gamers8-2023
2365793,vitality-vs-natus-vincere-gamers8-2023,2023/08/17 22:30,9565,4608,vitality,natus-vincere,1.4,2.89,0.714285714,0.346020761,0.67366,0.32634,2,0,9565,7128,gamers8-2023
2365792,faze-vs-virtuspro-gamers8-2023,2023/08/17 17:45,6667,5378,faze,virtuspro,1.64,2.24,0.609756098,0.446428571,0.57732,0.42268,1,2,5378,7128,gamers8-2023
2365791,9ine-vs-g2-gamers8-2023,2023/08/17 13:00,10278,5995,9ine,g2,4.19,1.2,0.238663484,0.833333333,0.222635,0.777365,1,2,5995,7128,gamers8-2023
2365790,natus-vincere-vs-furia-gamers8-2023,2023/08/16 20:30,4608,8297,natus-vincere,furia,1.35,3.1,0.740740741,0.322580645,0.696629,0.303371,2,1,4608,7128,gamers8-2023
2365789,liquid-vs-ence-gamers8-2023,2023/08/16 20:00,5973,4869,liquid,ence,2.49,1.5,0.401606426,0.666666667,0.37594,0.62406,0,2,4869,7128,gamers8-2023
2365788,mibr-vs-vitality-gamers8-2023,2023/08/16 17:15,9215,9565,mibr,vitality,7.3,1.07,0.136986301,0.934579439,0.127838,0.872162,0,2,9565,7128,gamers8-2023
2365787,heroic-vs-falcons-gamers8-2023,2023/08/16 16:30,7175,11283,heroic,falcons,1.12,5.72,0.892857143,0.174825175,0.836257,0.163743,2,0,7175,7128,gamers8-2023
2365785,apeks-vs-gamerlegion-gamers8-2023,2023/08/16 13:00,9806,9928,apeks,gamerlegion,1.74,2.03,0.574712644,0.492610837,0.538462,0.461538,0,2,9928,7128,gamers8-2023
2365786,cloud9-vs-fnatic-gamers8-2023,2023/08/16 13:00,5752,4991,cloud9,fnatic,1.39,2.89,0.71942446,0.346020761,0.675234,0.324766,2,0,5752,7128,gamers8-2023
2365565,ence-vs-g2-iem-cologne-2023,2023/08/06 16:00,4869,5995,ence,g2,2.13,1.67,0.469483568,0.598802395,0.439474,0.560526,1,3,5995,6811,iem-cologne-2023
2365564,g2-vs-astralis-iem-cologne-2023,2023/08/05 20:10,5995,6665,g2,astralis,1.71,2.07,0.584795322,0.483091787,0.547619,0.452381,2,0,5995,6811,iem-cologne-2023
2365563,ence-vs-vitality-iem-cologne-2023,2023/08/05 15:30,4869,9565,ence,vitality,2.68,1.44,0.373134328,0.694444444,0.349515,0.650485,2,1,4869,6811,iem-cologne-2023
2365562,heroic-vs-astralis-iem-cologne-2023,2023/08/04 19:10,7175,6665,heroic,astralis,1.53,2.45,0.653594771,0.408163265,0.615578,0.384422,0,2,6665,6811,iem-cologne-2023
2365561,vitality-vs-cloud9-iem-cologne-2023,2023/08/04 15:30,9565,5752,vitality,cloud9,1.51,2.46,0.662251656,0.406504065,0.619647,0.380353,2,0,9565,6811,iem-cologne-2023
2365560,ence-vs-heroic-iem-cologne-2023,2023/08/01 20:25,4869,7175,ence,heroic,2.9,1.42,0.344827586,0.704225352,0.328704,0.671296,2,1,4869,6811,iem-cologne-2023
2365559,astralis-vs-natus-vincere-iem-cologne-2023,2023/08/01 20:15,6665,4608,astralis,natus-vincere,2.22,1.71,0.45045045,0.584795322,0.435115,0.564885,2,1,6665,6811,iem-cologne-2023
2365557,cloud9-vs-gamerlegion-iem-cologne-2023,2023/08/01 16:00,5752,9928,cloud9,gamerlegion,1.27,3.56,0.787401575,0.280898876,0.73706,0.26294,2,1,5752,6811,iem-cologne-2023
2365558,vitality-vs-g2-iem-cologne-2023,2023/08/01 16:00,9565,5995,vitality,g2,1.49,2.53,0.67114094,0.395256917,0.629353,0.370647,1,2,5995,6811,iem-cologne-2023
2365555,faze-vs-natus-vincere-iem-cologne-2023,2023/08/01 12:30,6667,4608,faze,natus-vincere,1.52,2.45,0.657894737,0.408163265,0.617128,0.382872,0,2,4608,6811,iem-cologne-2023
2365556,mouz-vs-astralis-iem-cologne-2023,2023/08/01 12:30,4494,6665,mouz,astralis,2.07,1.71,0.483091787,0.584795322,0.452381,0.547619,0,2,6665,6811,iem-cologne-2023
2365553,fnatic-vs-gamerlegion-iem-cologne-2023,2023/07/31 20:10,4991,9928,fnatic,gamerlegion,1.4,2.86,0.714285714,0.34965035,0.671362,0.328638,1,2,9928,6811,iem-cologne-2023
2365554,cloud9-vs-monte-iem-cologne-2023,2023/07/31 19:30,5752,11811,cloud9,monte,1.66,2.16,0.602409639,0.462962963,0.565445,0.434555,2,0,5752,6811,iem-cologne-2023
2365550,natus-vincere-vs-og-iem-cologne-2023,2023/07/31 16:00,4608,10503,natus-vincere,og,1.36,3.04,0.735294118,0.328947368,0.690909,0.309091,2,1,4608,6811,iem-cologne-2023
2365551,g2-vs-faze-iem-cologne-2023,2023/07/31 16:00,5995,6667,g2,faze,2.28,1.59,0.438596491,0.628930818,0.410853,0.589147,2,0,5995,6811,iem-cologne-2023
2365549,mouz-vs-vitality-iem-cologne-2023,2023/07/31 12:30,4494,9565,mouz,vitality,2.78,1.41,0.35971223,0.709219858,0.336516,0.663484,0,2,9565,6811,iem-cologne-2023
2365552,astralis-vs-ninjas-in-pyjamas-iem-cologne-2023,2023/07/31 12:30,6665,4411,astralis,ninjas-in-pyjamas,1.61,2.25,0.621118012,0.444444444,0.582902,0.417098,2,0,6665,6811,iem-cologne-2023
2365545,monte-vs-heroic-iem-cologne-2023,2023/07/30 20:30,11811,7175,monte,heroic,3.34,1.29,0.299401198,0.775193798,0.278618,0.721382,0,2,7175,6811,iem-cologne-2023
2365546,gamerlegion-vs-themongolz-iem-cologne-2023,2023/07/30 19:30,9928,6248,gamerlegion,themongolz,2.17,1.65,0.460829493,0.606060606,0.431937,0.568063,2,1,9928,6811,iem-cologne-2023
2365544,faze-vs-ninjas-in-pyjamas-iem-cologne-2023,2023/07/30 16:40,6667,4411,faze,ninjas-in-pyjamas,1.33,3.21,0.751879699,0.31152648,0.707048,0.292952,2,1,6667,6811,iem-cologne-2023
2365547,fnatic-vs-ence-iem-cologne-2023,2023/07/30 16:00,4991,4869,fnatic,ence,2.27,1.6,0.440528634,0.625,0.413437,0.586563,0,2,4869,6811,iem-cologne-2023
2365543,vitality-vs-og-iem-cologne-2023,2023/07/30 12:30,9565,10503,vitality,og,1.15,5.1,0.869565217,0.196078431,0.816,0.184,2,0,9565,6811,iem-cologne-2023
2365548,cloud9-vs-9ine-iem-cologne-2023,2023/07/30 12:30,5752,10278,cloud9,9ine,1.52,2.43,0.657894737,0.411522634,0.61519,0.38481,2,1,5752,6811,iem-cologne-2023
2365542,natus-vincere-vs-mouz-iem-cologne-2023,2023/07/29 20:50,4608,4494,natus-vincere,mouz,1.61,2.24,0.621118012,0.446428571,0.581818,0.418182,0,2,4494,6811,iem-cologne-2023
2365541,heroic-vs-themongolz-iem-cologne-2023,2023/07/29 19:50,7175,6248,heroic,themongolz,1.09,6.81,0.917431193,0.146842878,0.862025,0.137975,2,1,7175,6811,iem-cologne-2023
2365539,g2-vs-astralis-iem-cologne-2023,2023/07/29 16:45,5995,6665,g2,astralis,1.66,2.13,0.602409639,0.469483568,0.562005,0.437995,2,1,5995,6811,iem-cologne-2023
2365540,ence-vs-9ine-iem-cologne-2023,2023/07/29 16:00,4869,10278,ence,9ine,1.42,2.77,0.704225352,0.36101083,0.661098,0.338902,2,1,4869,6811,iem-cologne-2023
2365537,cloud9-vs-fnatic-iem-cologne-2023,2023/07/29 12:30,5752,4991,cloud9,fnatic,1.48,2.54,0.675675676,0.393700787,0.631841,0.368159,1,2,4991,6811,iem-cologne-2023
2365538,gamerlegion-vs-monte-iem-cologne-2023,2023/07/29 12:30,9928,11811,gamerlegion,monte,2.77,1.41,0.36101083,0.709219858,0.337321,0.662679,0,2,11811,6811,iem-cologne-2023
2365434,ninjas-in-pyjamas-vs-imperial-iem-cologne-2023-play-in,2023/07/28 19:55,4411,9455,ninjas-in-pyjamas,imperial,1.41,2.77,0.709219858,0.36101083,0.662679,0.337321,2,1,4411,6812,iem-cologne-2023-play-in
2365432,apeks-vs-og-iem-cologne-2023-play-in,2023/07/28 19:30,9806,10503,apeks,og,1.56,2.36,0.641025641,0.423728814,0.602041,0.397959,0,2,10503,6812,iem-cologne-2023-play-in
2365431,themongolz-vs-furia-iem-cologne-2023-play-in,2023/07/28 16:00,6248,8297,themongolz,furia,3.49,1.28,0.286532951,0.78125,0.268344,0.731656,2,0,6248,6812,iem-cologne-2023-play-in
2365433,9ine-vs-liquid-iem-cologne-2023-play-in,2023/07/28 16:00,10278,5973,9ine,liquid,2.51,1.5,0.398406375,0.666666667,0.374065,0.625935,2,1,10278,6812,iem-cologne-2023-play-in
2365428,complexity-vs-og-iem-cologne-2023-play-in,2023/07/27 20:45,5005,10503,complexity,og,1.82,1.92,0.549450549,0.520833333,0.513369,0.486631,0,2,10503,6812,iem-cologne-2023-play-in
2365426,monte-vs-furia-iem-cologne-2023-play-in,2023/07/27 19:40,11811,8297,monte,furia,2.31,1.57,0.432900433,0.636942675,0.404639,0.595361,2,1,11811,6812,iem-cologne-2023-play-in
2365429,liquid-vs-big-iem-cologne-2023-play-in,2023/07/27 16:35,5973,7532,liquid,big,1.28,3.7,0.78125,0.27027027,0.742972,0.257028,2,1,5973,6812,iem-cologne-2023-play-in
2365430,imperial-vs-grayhound-iem-cologne-2023-play-in,2023/07/27 16:00,9455,8008,imperial,grayhound,1.53,2.42,0.653594771,0.41322314,0.612658,0.387342,2,1,9455,6812,iem-cologne-2023-play-in
2365425,astralis-vs-apeks-iem-cologne-2023-play-in,2023/07/27 12:30,6665,9806,astralis,apeks,1.52,2.47,0.657894737,0.4048583,0.619048,0.380952,2,1,6665,6812,iem-cologne-2023-play-in
2365427,into-the-breach-vs-themongolz-iem-cologne-2023-play-in,2023/07/27 12:30,11164,6248,into-the-breach,themongolz,1.56,2.36,0.641025641,0.423728814,0.602041,0.397959,0,2,6248,6812,iem-cologne-2023-play-in
2365424,fnatic-vs-9ine-iem-cologne-2023-play-in,2023/07/26 21:00,4991,10278,fnatic,9ine,2,1.78,0.5,0.561797753,0.470899,0.529101,2,0,4991,6812,iem-cologne-2023-play-in
2365423,ninjas-in-pyjamas-vs-mouz-iem-cologne-2023-play-in,2023/07/26 20:10,4411,4494,ninjas-in-pyjamas,mouz,1.72,2.07,0.581395349,0.483091787,0.546174,0.453826,0,2,4494,6812,iem-cologne-2023-play-in
2365421,apeks-vs-big-iem-cologne-2023-play-in,2023/07/26 19:40,9806,7532,apeks,big,1.6,2.28,0.625,0.438596491,0.587629,0.412371,16,10,9806,6812,iem-cologne-2023-play-in
2365422,grayhound-vs-furia-iem-cologne-2023-play-in,2023/07/26 18:45,8008,8297,grayhound,furia,3.56,1.26,0.280898876,0.793650794,0.261411,0.738589,11,16,8297,6812,iem-cologne-2023-play-in
2365419,monte-vs-imperial-iem-cologne-2023-play-in,2023/07/26 18:10,11811,9455,monte,imperial,1.61,2.29,0.621118012,0.436681223,0.587179,0.412821,16,9,9455,6812,iem-cologne-2023-play-in
2365420,astralis-vs-liquid-iem-cologne-2023-play-in,2023/07/26 17:30,6665,5973,astralis,liquid,1.79,1.95,0.558659218,0.512820513,0.52139,0.47861,16,10,6665,6812,iem-cologne-2023-play-in
2365418,og-vs-9ine-iem-cologne-2023-play-in,2023/07/26 16:15,10503,10278,og,9ine,2.05,1.71,0.487804878,0.584795322,0.454787,0.545213,17,19,10278,6812,iem-cologne-2023-play-in
2365417,fnatic-vs-complexity-iem-cologne-2023-play-in,2023/07/26 15:50,4991,5005,fnatic,complexity,1.83,1.92,0.546448087,0.520833333,0.512,0.488,19,17,4991,6812,iem-cologne-2023-play-in
2365415,mouz-vs-themongolz-iem-cologne-2023-play-in,2023/07/26 14:30,4494,6248,mouz,themongolz,1.14,5.35,0.877192982,0.186915888,0.824345,0.175655,22,19,4494,6812,iem-cologne-2023-play-in
2365416,into-the-breach-vs-ninjas-in-pyjamas-iem-cologne-2023-play-in,2023/07/26 14:30,11164,4411,into-the-breach,ninjas-in-pyjamas,2.72,1.43,0.367647059,0.699300699,0.344578,0.655422,5,16,11164,6812,iem-cologne-2023-play-in
2364492,mouz-vs-ence-iem-dallas-2023,2023/06/04 20:00,4494,4869,mouz,ence,2.12,1.68,0.471698113,0.595238095,0.442105,0.557895,0,2,4869,6861,iem-dallas-2023
2364491,ence-vs-faze-iem-dallas-2023,2023/06/03 23:00,4869,6667,ence,faze,2.21,1.65,0.452488688,0.606060606,0.427461,0.572539,2,1,4869,6861,iem-dallas-2023
2364490,heroic-vs-mouz-iem-dallas-2023,2023/06/03 18:30,7175,4494,heroic,mouz,1.31,3.34,0.763358779,0.299401198,0.71828,0.28172,1,2,4494,6861,iem-dallas-2023
2364489,g2-vs-faze-iem-dallas-2023,2023/06/03 00:35,5995,6667,g2,faze,1.64,2.25,0.609756098,0.444444444,0.578406,0.421594,1,2,6667,6861,iem-dallas-2023
2364488,astralis-vs-mouz-iem-dallas-2023,2023/06/02 20:30,6665,4494,astralis,mouz,1.54,2.4,0.649350649,0.416666667,0.609137,0.390863,0,2,4494,6861,iem-dallas-2023
2364486,ence-vs-astralis-iem-dallas-2023,2023/06/01 01:00,4869,6665,ence,astralis,2.01,1.76,0.497512438,0.568181818,0.466844,0.533156,2,1,4869,6861,iem-dallas-2023
2364487,faze-vs-cloud9-iem-dallas-2023,2023/06/01 01:00,6667,5752,faze,cloud9,1.75,2.03,0.571428571,0.492610837,0.537037,0.462963,2,1,6667,6861,iem-dallas-2023
2364484,mouz-vs-og-iem-dallas-2023,2023/05/31 21:50,4494,10503,mouz,og,1.69,2.12,0.591715976,0.471698113,0.55643,0.44357,2,0,4494,6861,iem-dallas-2023
2364485,g2-vs-heroic-iem-dallas-2023,2023/05/31 21:30,5995,7175,g2,heroic,1.84,1.91,0.543478261,0.523560209,0.509333,0.490667,0,2,7175,6861,iem-dallas-2023
2364482,complexity-vs-cloud9-iem-dallas-2023,2023/05/31 18:00,5005,5752,complexity,cloud9,5.35,1.14,0.186915888,0.877192982,0.175655,0.824345,1,2,5752,6861,iem-dallas-2023
2364483,faze-vs-liquid-iem-dallas-2023,2023/05/31 18:00,6667,5973,faze,liquid,1.6,2.27,0.625,0.440528634,0.586563,0.413437,2,0,6667,6861,iem-dallas-2023
2364479,og-vs-9z-iem-dallas-2023,2023/05/31 01:00,10503,9996,og,9z,1.44,2.68,0.694444444,0.373134328,0.650485,0.349515,2,0,10503,6861,iem-dallas-2023
2364480,cloud9-vs-astralis-iem-dallas-2023,2023/05/31 01:00,5752,6665,cloud9,astralis,1.52,2.45,0.657894737,0.408163265,0.617128,0.382872,0,2,6665,6861,iem-dallas-2023
2364481,furia-vs-mouz-iem-dallas-2023,2023/05/30 21:40,8297,4494,furia,mouz,1.87,1.87,0.534759358,0.534759358,0.5,0.5,0,2,4494,6861,iem-dallas-2023
2364478,faze-vs-ence-iem-dallas-2023,2023/05/30 21:30,6667,4869,faze,ence,1.66,2.16,0.602409639,0.462962963,0.565445,0.434555,0,2,4869,6861,iem-dallas-2023
2364477,liquid-vs-grayhound-iem-dallas-2023,2023/05/30 18:00,5973,8008,liquid,grayhound,1.12,5.81,0.892857143,0.17211704,0.838384,0.161616,2,0,5973,6861,iem-dallas-2023
2364474,mouz-vs-heroic-iem-dallas-2023,2023/05/30 02:30,4494,7175,mouz,heroic,3.15,1.34,0.317460317,0.746268657,0.298441,0.701559,0,2,7175,6861,iem-dallas-2023
2364475,fnatic-vs-9z-iem-dallas-2023,2023/05/30 02:30,4991,9996,fnatic,9z,1.45,2.73,0.689655172,0.366300366,0.65311,0.34689,1,2,9996,6861,iem-dallas-2023
2364472,g2-vs-og-iem-dallas-2023,2023/05/29 23:50,5995,10503,g2,og,1.26,3.74,0.793650794,0.267379679,0.748,0.252,2,0,5995,6861,iem-dallas-2023
2364473,furia-vs-nouns-iem-dallas-2023,2023/05/29 23:45,8297,11948,furia,nouns,1.16,5.1,0.862068966,0.196078431,0.814696,0.185304,2,0,8297,6861,iem-dallas-2023
2364396,cloud9-vs-grayhound-iem-dallas-2023,2023/05/29 22:40,5752,8008,cloud9,grayhound,1.17,4.71,0.854700855,0.212314225,0.80102,0.19898,16,2,8008,6861,iem-dallas-2023
2364395,liquid-vs-astralis-iem-dallas-2023,2023/05/29 22:05,5973,6665,liquid,astralis,1.87,1.87,0.534759358,0.534759358,0.5,0.5,17,19,6665,6861,iem-dallas-2023
2364394,ence-vs-complexity-iem-dallas-2023,2023/05/29 20:45,4869,5005,ence,complexity,1.29,3.42,0.775193798,0.292397661,0.726115,0.273885,16,7,5005,6861,iem-dallas-2023
2364391,heroic-vs-9z-iem-dallas-2023,2023/05/29 19:45,7175,9996,heroic,9z,1.17,4.61,0.854700855,0.21691974,0.797578,0.202422,16,9,9996,6861,iem-dallas-2023
2364392,fnatic-vs-mouz-iem-dallas-2023,2023/05/29 19:20,4991,4494,fnatic,mouz,2.25,1.61,0.444444444,0.621118012,0.417098,0.582902,9,16,4991,6861,iem-dallas-2023
2364389,furia-vs-og-iem-dallas-2023,2023/05/29 18:00,8297,10503,furia,og,1.75,2.01,0.571428571,0.497512438,0.534574,0.465426,14,16,10503,6861,iem-dallas-2023
2364390,g2-vs-nouns-iem-dallas-2023,2023/05/29 18:00,5995,11948,g2,nouns,1.11,6.18,0.900900901,0.161812298,0.847737,0.152263,16,5,11948,6861,iem-dallas-2023
2364292,gamerlegion-vs-vitality-blasttv-paris-major-2023,2023/05/21 17:00,9928,9565,gamerlegion,vitality,3.3,1.33,0.303030303,0.751879699,0.287257,0.712743,0,2,9565,6793,blasttv-paris-major-2023
2364291,vitality-vs-apeks-blasttv-paris-major-2023,2023/05/20 19:35,9565,9806,vitality,apeks,1.23,3.96,0.81300813,0.252525253,0.763006,0.236994,2,0,9565,6793,blasttv-paris-major-2023
2364290,heroic-vs-gamerlegion-blasttv-paris-major-2023,2023/05/20 15:00,7175,9928,heroic,gamerlegion,3.76,1.25,0.265957447,0.8,0.249501,0.750499,1,2,9928,6793,blasttv-paris-major-2023
2364288,liquid-vs-apeks-blasttv-paris-major-2023,2023/05/19 17:55,5973,9806,liquid,apeks,1.48,2.61,0.675675676,0.383141762,0.638142,0.361858,0,2,9806,6793,blasttv-paris-major-2023
2364287,monte-vs-gamerlegion-blasttv-paris-major-2023,2023/05/19 15:00,11811,9928,monte,gamerlegion,1.53,2.42,0.653594771,0.41322314,0.612658,0.387342,0,2,9928,6793,blasttv-paris-major-2023
2364289,vitality-vs-into-the-breach-blasttv-paris-major-2023,2023/05/18 19:15,9565,11164,vitality,into-the-breach,1.12,5.85,0.892857143,0.170940171,0.839311,0.160689,2,0,9565,6793,blasttv-paris-major-2023
2364286,heroic-vs-faze-blasttv-paris-major-2023,2023/05/18 15:00,7175,6667,heroic,faze,1.61,2.24,0.621118012,0.446428571,0.581818,0.418182,2,1,7175,6793,blasttv-paris-major-2023
2363892,apeks-vs-ninjas-in-pyjamas-blasttv-paris-major-2023,2023/05/16 19:30,9806,4411,apeks,ninjas-in-pyjamas,2.45,1.52,0.408163265,0.657894737,0.382872,0.617128,2,0,9806,6793,blasttv-paris-major-2023
2363891,fnatic-vs-into-the-breach-blasttv-paris-major-2023,2023/05/16 15:45,4991,11164,fnatic,into-the-breach,1.45,2.64,0.689655172,0.378787879,0.645477,0.354523,1,2,11164,6793,blasttv-paris-major-2023
2363890,faze-vs-natus-vincere-blasttv-paris-major-2023,2023/05/16 11:30,6667,4608,faze,natus-vincere,1.81,1.94,0.552486188,0.515463918,0.517333,0.482667,2,1,6667,6793,blasttv-paris-major-2023
2363889,apeks-vs-gamerlegion-blasttv-paris-major-2023,2023/05/15 20:00,9806,9928,apeks,gamerlegion,1.66,2.16,0.602409639,0.462962963,0.565445,0.434555,0,2,9928,6793,blasttv-paris-major-2023
2363888,liquid-vs-into-the-breach-blasttv-paris-major-2023,2023/05/15 16:25,5973,11164,liquid,into-the-breach,1.31,3.29,0.763358779,0.303951368,0.715217,0.284783,2,0,5973,6793,blasttv-paris-major-2023
2363886,fnatic-vs-g2-blasttv-paris-major-2023,2023/05/15 15:45,4991,5995,fnatic,g2,4.1,1.22,0.243902439,0.819672131,0.229323,0.770677,2,1,4991,6793,blasttv-paris-major-2023
2363887,monte-vs-natus-vincere-blasttv-paris-major-2023,2023/05/15 14:00,11811,4608,monte,natus-vincere,2.96,1.38,0.337837838,0.724637681,0.317972,0.682028,2,0,11811,6793,blasttv-paris-major-2023
2363884,ence-vs-ninjas-in-pyjamas-blasttv-paris-major-2023,2023/05/15 11:30,4869,4411,ence,ninjas-in-pyjamas,1.55,2.37,0.64516129,0.421940928,0.604592,0.395408,0,2,4411,6793,blasttv-paris-major-2023
2363885,faze-vs-bad-news-eagles-blasttv-paris-major-2023,2023/05/15 11:30,6667,11518,faze,bad-news-eagles,1.24,3.87,0.806451613,0.258397933,0.757339,0.242661,2,1,6667,6793,blasttv-paris-major-2023
2363882,furia-vs-g2-blasttv-paris-major-2023,2023/05/14 17:55,8297,5995,furia,g2,3.31,1.33,0.302114804,0.751879699,0.286638,0.713362,0,2,5995,6793,blasttv-paris-major-2023
2363883,9ine-vs-faze-blasttv-paris-major-2023,2023/05/14 17:00,10278,6667,9ine,faze,2.99,1.37,0.334448161,0.729927007,0.31422,0.68578,0,2,6667,6793,blasttv-paris-major-2023
2363881,monte-vs-vitality-blasttv-paris-major-2023,2023/05/14 14:00,11811,9565,monte,vitality,3.21,1.33,0.31152648,0.751879699,0.292952,0.707048,0,2,9565,6793,blasttv-paris-major-2023
2363880,heroic-vs-liquid-blasttv-paris-major-2023,2023/05/14 13:55,7175,5973,heroic,liquid,1.39,2.87,0.71942446,0.348432056,0.673709,0.326291,2,1,7175,6793,blasttv-paris-major-2023
2363879,apeks-vs-bad-news-eagles-blasttv-paris-major-2023,2023/05/14 12:55,9806,11518,apeks,bad-news-eagles,1.74,2.03,0.574712644,0.492610837,0.538462,0.461538,16,6,11518,6793,blasttv-paris-major-2023
2363878,ence-vs-into-the-breach-blasttv-paris-major-2023,2023/05/14 12:45,4869,11164,ence,into-the-breach,1.3,3.36,0.769230769,0.297619048,0.72103,0.27897,7,16,4869,6793,blasttv-paris-major-2023
2363876,natus-vincere-vs-ninjas-in-pyjamas-blasttv-paris-major-2023,2023/05/14 11:30,4608,4411,natus-vincere,ninjas-in-pyjamas,1.51,2.49,0.662251656,0.401606426,0.6225,0.3775,16,9,4411,6793,blasttv-paris-major-2023
2363877,fnatic-vs-gamerlegion-blasttv-paris-major-2023,2023/05/14 11:30,4991,9928,fnatic,gamerlegion,1.68,2.13,0.595238095,0.469483568,0.559055,0.440945,11,16,9928,6793,blasttv-paris-major-2023
2363875,faze-vs-into-the-breach-blasttv-paris-major-2023,2023/05/13 21:40,6667,11164,faze,into-the-breach,1.25,3.79,0.8,0.263852243,0.751984,0.248016,12,16,11164,6793,blasttv-paris-major-2023
2363874,bad-news-eagles-vs-g2-blasttv-paris-major-2023,2023/05/13 21:15,11518,5995,bad-news-eagles,g2,4.44,1.19,0.225225225,0.840336134,0.211368,0.788632,16,13,11518,6793,blasttv-paris-major-2023
2363873,9ine-vs-gamerlegion-blasttv-paris-major-2023,2023/05/13 20:20,10278,9928,9ine,gamerlegion,1.62,2.23,0.617283951,0.448430493,0.579221,0.420779,13,16,9928,6793,blasttv-paris-major-2023
2363872,furia-vs-ninjas-in-pyjamas-blasttv-paris-major-2023,2023/05/13 20:05,8297,4411,furia,ninjas-in-pyjamas,1.79,1.97,0.558659218,0.507614213,0.523936,0.476064,8,16,8297,6793,blasttv-paris-major-2023
2363871,heroic-vs-apeks-blasttv-paris-major-2023,2023/05/13 19:10,7175,9806,heroic,apeks,1.34,3.13,0.746268657,0.319488818,0.700224,0.299776,16,10,7175,6793,blasttv-paris-major-2023
2363870,vitality-vs-ence-blasttv-paris-major-2023,2023/05/13 18:40,9565,4869,vitality,ence,1.54,2.39,0.649350649,0.418410042,0.608142,0.391858,16,13,9565,6793,blasttv-paris-major-2023
2363868,liquid-vs-natus-vincere-blasttv-paris-major-2023,2023/05/13 17:20,5973,4608,liquid,natus-vincere,2.56,1.46,0.390625,0.684931507,0.363184,0.636816,16,8,4608,6793,blasttv-paris-major-2023
2363869,fnatic-vs-monte-blasttv-paris-major-2023,2023/05/13 17:20,4991,11811,fnatic,monte,2,1.76,0.5,0.568181818,0.468085,0.531915,17,19,11811,6793,blasttv-paris-major-2023
2363867,bad-news-eagles-vs-ence-blasttv-paris-major-2023,2023/05/13 15:25,11518,4869,bad-news-eagles,ence,2.78,1.42,0.35971223,0.704225352,0.338095,0.661905,9,16,11518,6793,blasttv-paris-major-2023
2363866,vitality-vs-g2-blasttv-paris-major-2023,2023/05/13 15:05,9565,5995,vitality,g2,1.96,1.79,0.510204082,0.558659218,0.477333,0.522667,16,13,9565,6793,blasttv-paris-major-2023
2363865,into-the-breach-vs-apeks-blasttv-paris-major-2023,2023/05/13 14:10,11164,9806,into-the-breach,apeks,2.45,1.52,0.408163265,0.657894737,0.382872,0.617128,10,16,9806,6793,blasttv-paris-major-2023
2363864,heroic-vs-faze-blasttv-paris-major-2023,2023/05/13 13:50,7175,6667,heroic,faze,1.78,1.97,0.561797753,0.507614213,0.525333,0.474667,16,7,6667,6793,blasttv-paris-major-2023
2363863,fnatic-vs-ninjas-in-pyjamas-blasttv-paris-major-2023,2023/05/13 12:55,4991,4411,fnatic,ninjas-in-pyjamas,2.13,1.67,0.469483568,0.598802395,0.439474,0.560526,16,11,4991,6793,blasttv-paris-major-2023
2363862,furia-vs-monte-blasttv-paris-major-2023,2023/05/13 12:45,8297,11811,furia,monte,1.66,2.15,0.602409639,0.465116279,0.564304,0.435696,7,16,8297,6793,blasttv-paris-major-2023
2363860,natus-vincere-vs-gamerlegion-blasttv-paris-major-2023,2023/05/13 11:30,4608,9928,natus-vincere,gamerlegion,1.32,3.29,0.757575758,0.303951368,0.713666,0.286334,16,10,4608,6793,blasttv-paris-major-2023
2363861,9ine-vs-liquid-blasttv-paris-major-2023,2023/05/13 11:30,10278,5973,9ine,liquid,1.83,1.92,0.546448087,0.520833333,0.512,0.488,9,16,10278,6793,blasttv-paris-major-2023
2363859,grayhound-vs-liquid-blasttv-paris-major-2023-challengers-stage,2023/05/11 17:50,8008,5973,grayhound,liquid,4.78,1.17,0.209205021,0.854700855,0.196639,0.803361,0,2,5973,6794,blasttv-paris-major-2023-challengers-stage
2363858,monte-vs-pain-blasttv-paris-major-2023-challengers-stage,2023/05/11 14:25,11811,4773,monte,pain,1.59,2.33,0.628930818,0.429184549,0.594388,0.405612,2,1,11811,6794,blasttv-paris-major-2023-challengers-stage
2363857,forze-vs-gamerlegion-blasttv-paris-major-2023-challengers-stage,2023/05/11 11:30,8135,9928,forze,gamerlegion,1.65,2.18,0.606060606,0.458715596,0.569191,0.430809,0,2,9928,6794,blasttv-paris-major-2023-challengers-stage
2363855,grayhound-vs-ninjas-in-pyjamas-blasttv-paris-major-2023-challengers-stage,2023/05/10 18:10,8008,4411,grayhound,ninjas-in-pyjamas,4.47,1.17,0.223713647,0.854700855,0.207447,0.792553,0,2,4411,6794,blasttv-paris-major-2023-challengers-stage
2363856,apeks-vs-pain-blasttv-paris-major-2023-challengers-stage,2023/05/10 16:35,9806,4773,apeks,pain,1.68,2.12,0.595238095,0.471698113,0.557895,0.442105,2,1,9806,6794,blasttv-paris-major-2023-challengers-stage
2363854,faze-vs-forze-blasttv-paris-major-2023-challengers-stage,2023/05/10 15:20,6667,8135,faze,forze,1.39,3.04,0.71942446,0.328947368,0.68623,0.31377,2,0,6667,6794,blasttv-paris-major-2023-challengers-stage
2363853,complexity-vs-liquid-blasttv-paris-major-2023-challengers-stage,2023/05/10 14:15,5005,5973,complexity,liquid,2.74,1.42,0.364963504,0.704225352,0.341346,0.658654,0,2,5973,6794,blasttv-paris-major-2023-challengers-stage
2363851,gamerlegion-vs-og-blasttv-paris-major-2023-challengers-stage,2023/05/10 11:30,9928,10503,gamerlegion,og,2.57,1.49,0.389105058,0.67114094,0.366995,0.633005,2,1,9928,6794,blasttv-paris-major-2023-challengers-stage
2363852,themongolz-vs-monte-blasttv-paris-major-2023-challengers-stage,2023/05/10 11:30,6248,11811,themongolz,monte,4.55,1.18,0.21978022,0.847457627,0.205934,0.794066,0,2,11811,6794,blasttv-paris-major-2023-challengers-stage
2363849,fluxo-vs-liquid-blasttv-paris-major-2023-challengers-stage,2023/05/09 18:15,11837,5973,fluxo,liquid,5.85,1.12,0.170940171,0.892857143,0.160689,0.839311,1,2,5973,6794,blasttv-paris-major-2023-challengers-stage
2363850,gamerlegion-vs-mouz-blasttv-paris-major-2023-challengers-stage,2023/05/09 16:20,9928,4494,gamerlegion,mouz,2.75,1.43,0.363636364,0.699300699,0.342105,0.657895,2,0,9928,6794,blasttv-paris-major-2023-challengers-stage
2363847,ence-vs-faze-blasttv-paris-major-2023-challengers-stage,2023/05/09 14:05,4869,6667,ence,faze,2.47,1.52,0.4048583,0.657894737,0.380952,0.619048,2,1,4869,6794,blasttv-paris-major-2023-challengers-stage
2363848,apeks-vs-g2-blasttv-paris-major-2023-challengers-stage,2023/05/09 13:55,9806,5995,apeks,g2,3.83,1.24,0.261096606,0.806451613,0.244576,0.755424,0,2,5995,6794,blasttv-paris-major-2023-challengers-stage
2363845,forze-vs-monte-blasttv-paris-major-2023-challengers-stage,2023/05/09 12:40,8135,11811,forze,monte,2.35,1.56,0.425531915,0.641025641,0.398977,0.601023,16,6,11811,6794,blasttv-paris-major-2023-challengers-stage
2363846,ninjas-in-pyjamas-vs-og-blasttv-paris-major-2023-challengers-stage,2023/05/09 12:25,4411,10503,ninjas-in-pyjamas,og,1.75,2.01,0.571428571,0.497512438,0.534574,0.465426,19,17,4411,6794,blasttv-paris-major-2023-challengers-stage
2363843,complexity-vs-pain-blasttv-paris-major-2023-challengers-stage,2023/05/09 11:30,5005,4773,complexity,pain,2.14,1.68,0.46728972,0.595238095,0.439791,0.560209,4,16,5005,6794,blasttv-paris-major-2023-challengers-stage
2363844,grayhound-vs-themongolz-blasttv-paris-major-2023-challengers-stage,2023/05/09 11:30,8008,6248,grayhound,themongolz,1.91,1.85,0.523560209,0.540540541,0.492021,0.507979,16,10,8008,6794,blasttv-paris-major-2023-challengers-stage
2363842,mouz-vs-og-blasttv-paris-major-2023-challengers-stage,2023/05/08 21:40,4494,10503,mouz,og,1.73,2.05,0.578034682,0.487804878,0.542328,0.457672,11,16,10503,6794,blasttv-paris-major-2023-challengers-stage
2363841,forze-vs-liquid-blasttv-paris-major-2023-challengers-stage,2023/05/08 21:20,8135,5973,forze,liquid,2.27,1.59,0.440528634,0.628930818,0.411917,0.588083,16,14,8135,6794,blasttv-paris-major-2023-challengers-stage
2363840,gamerlegion-vs-themongolz-blasttv-paris-major-2023-challengers-stage,2023/05/08 20:20,9928,6248,gamerlegion,themongolz,1.42,2.75,0.704225352,0.363636364,0.659472,0.340528,11,16,6248,6794,blasttv-paris-major-2023-challengers-stage
2363839,fluxo-vs-monte-blasttv-paris-major-2023-challengers-stage,2023/05/08 20:00,11837,11811,fluxo,monte,4.97,1.17,0.201207243,0.854700855,0.190554,0.809446,8,16,11837,6794,blasttv-paris-major-2023-challengers-stage
2363837,apeks-vs-grayhound-blasttv-paris-major-2023-challengers-stage,2023/05/08 19:15,9806,8008,apeks,grayhound,1.38,2.94,0.724637681,0.340136054,0.680556,0.319444,16,0,9806,6794,blasttv-paris-major-2023-challengers-stage
2363838,ence-vs-ninjas-in-pyjamas-blasttv-paris-major-2023-challengers-stage,2023/05/08 19:10,4869,4411,ence,ninjas-in-pyjamas,1.75,2.07,0.571428571,0.483091787,0.541885,0.458115,16,9,4411,6794,blasttv-paris-major-2023-challengers-stage
2363835,faze-vs-pain-blasttv-paris-major-2023-challengers-stage,2023/05/08 17:55,6667,4773,faze,pain,1.34,3.16,0.746268657,0.316455696,0.702222,0.297778,16,12,6667,6794,blasttv-paris-major-2023-challengers-stage
2363836,complexity-vs-g2-blasttv-paris-major-2023-challengers-stage,2023/05/08 17:55,5005,5995,complexity,g2,4.03,1.22,0.248138958,0.819672131,0.232381,0.767619,9,16,5005,6794,blasttv-paris-major-2023-challengers-stage
2363743,ninjas-in-pyjamas-vs-mouz-blasttv-paris-major-2023-challengers-stage,2023/05/08 16:00,4411,4494,ninjas-in-pyjamas,mouz,1.9,1.85,0.526315789,0.540540541,0.493333,0.506667,16,9,4494,6794,blasttv-paris-major-2023-challengers-stage
2363744,og-vs-ence-blasttv-paris-major-2023-challengers-stage,2023/05/08 16:00,10503,4869,og,ence,1.93,1.82,0.518134715,0.549450549,0.485333,0.514667,6,16,10503,6794,blasttv-paris-major-2023-challengers-stage
2363742,apeks-vs-liquid-blasttv-paris-major-2023-challengers-stage,2023/05/08 14:40,9806,5973,apeks,liquid,2.27,1.6,0.440528634,0.625,0.413437,0.586563,16,12,9806,6794,blasttv-paris-major-2023-challengers-stage
2363741,forze-vs-grayhound-blasttv-paris-major-2023-challengers-stage,2023/05/08 14:25,8135,8008,forze,grayhound,1.35,3.07,0.740740741,0.325732899,0.69457,0.30543,14,16,8008,6794,blasttv-paris-major-2023-challengers-stage
2363740,gamerlegion-vs-complexity-blasttv-paris-major-2023-challengers-stage,2023/05/08 13:25,9928,5005,gamerlegion,complexity,1.75,2.06,0.571428571,0.485436893,0.540682,0.459318,11,16,5005,6794,blasttv-paris-major-2023-challengers-stage
2363739,g2-vs-themongolz-blasttv-paris-major-2023-challengers-stage,2023/05/08 13:10,5995,6248,g2,themongolz,1.1,6.44,0.909090909,0.155279503,0.854111,0.145889,16,11,5995,6794,blasttv-paris-major-2023-challengers-stage
2363737,monte-vs-faze-blasttv-paris-major-2023-challengers-stage,2023/05/08 11:45,11811,6667,monte,faze,2.68,1.44,0.373134328,0.694444444,0.349515,0.650485,14,16,6667,6794,blasttv-paris-major-2023-challengers-stage
2363738,pain-vs-fluxo-blasttv-paris-major-2023-challengers-stage,2023/05/08 11:45,4773,11837,pain,fluxo,1.43,2.8,0.699300699,0.357142857,0.661939,0.338061,16,2,11837,6794,blasttv-paris-major-2023-challengers-stage
